userName,at,content
Waar Ganz,2024-09-30 06:27:45,"apk nya sering forces close,mohon di perbaiki min"
edimuchtar afandi,2024-09-30 06:23:25,Jelek
Fitri Anindya,2024-09-30 06:22:07,BagusğŸ˜ğŸ‘
Mutiya Sari,2024-09-30 06:21:15,knp gak bisa live
- via,2024-09-30 06:19:14,Tolong dong jangan suka nambahin fitur yang ga bergunağŸ™ğŸ» salah satu nya delete archive. Saya bukan tipe orang yang suka taro video di feeds. Saya lebih suka di story dan saya bikin highlight. Niat hati pengen di jadiin kenangan.. eh malah mau di apusğŸ«  padahal saya suka banget sama aplikasi instagram ( tanpa fitur fitur yang ngacoo )
Mila Ajja,2024-09-30 06:17:07,Terima kasih telah menciptakan aplikasi yg berguna ğŸ˜šğŸ˜šğŸ˜šğŸ˜—ğŸ˜™ğŸ¤£ğŸ¤£ğŸ¤£
enjang kusmana,2024-09-30 06:16:34,Bagiku sudah perfect nih... Oke banget
Aris Setiawan,2024-09-30 06:12:02,Sangat membantu
Dian Wulandari,2024-09-30 06:11:09,"Tolong dong, kok gak ada fitur saluran siaran sama aku?? Plis Ig lo kenapa?? Gue malas nyepam story di Ig woii!!ğŸ˜­ğŸ˜­ edit: Alhamdulillah, udah dapet ğŸ˜‹ğŸ˜‹"
Adril Afridal,2024-09-30 06:04:43,Sangant membantu bisnis saya
parlin lumbanraja,2024-09-30 06:02:45,Bgus buat informasi dan hiburan..
Gerygils,2024-09-30 06:02:36,Pengalaman yg luar biasa
Mohamad Ganteng00,2024-09-30 06:00:11,nice bngt aplikasinya
Haidar Azmi,2024-09-30 05:59:59,Opsional
YUD So You,2024-09-30 05:59:52,Keyen
Choirul Anwar,2024-09-30 05:56:44,Aplikasi yang menarik ni bintang 5
Alam Sutera,2024-09-30 05:55:44,Bik
Yakobus Suni,2024-09-30 05:53:43,Berpetualangan
Jimmy Kusuma,2024-09-30 05:50:54,Cukup baik
Surya Kencana,2024-09-30 05:50:47,Instagram error kah? Apa sedang ada perbaikan sistem? Saya mau buat story menggunakan foto knpa tiba-tiba tidak bisa?! Tolong development segera perbaiki.
suharno lahat,2024-09-30 05:42:00,Luar biasa
Septiana Jessica,2024-09-30 05:37:32,"Kenapa akun saya selalu di tangguhkan entah alsan ap pun ga jls saya ga ada buat apa"" tiba di tangguh kan"
Wahyu saipudin,2024-09-30 05:37:20,Good
Triple Semar,2024-09-30 05:36:10,ğŸ‘ğŸ‘ğŸ‘ğŸ‘ğŸ‘
Pook Paak,2024-09-30 05:32:44,Mantap
Bambang Prakoso,2024-09-30 05:30:50,Good
Irwan Kallek,2024-09-30 05:26:09,TT h Yyy TT yhyyu ni tmi ji ooo
Gunawan Hombing,2024-09-30 05:25:33,Bagus sii apk nyaa
Basir In,2024-09-30 05:24:16,Sangat baik
Chiko Boy,2024-09-30 05:19:09,Km nanyak
Kirani Asyila savina,2024-09-30 05:16:49,pliss jangan hilangkan arsipann yaa
Rianoy Anoy,2024-09-30 05:16:03,Very good
Fajar,2024-09-30 05:13:52,"Kualitas menurun terlalu Banyak iklan, tidak seperti dulu"
Yudha Wahyudin,2024-09-30 05:11:22,padahal sandi yang udah di masukin bener tapi tetap salah
Satrio Pandutomo,2024-09-30 05:09:37,"Sudah sangat bagus akan tetapi terkadang aplikasi suka eror tidak bisa dibuka sekalinya terbuka kadang keluar dari aplikasi dengan sendirinya, perlu ada peningkatan dari aplikasi instagram ini. Selain itu, kadang suka hapus komentar seenaknya saja padahal tdk menyalahi aturan baik pornografi, caci maki/hinaan, dll hanya karena kebanyakan tag teman buat mengikuti suatu akun kan aneh banget ini."
dwi mitasari,2024-09-30 05:03:00,baik sekali
Fauzan Akbar,2024-09-30 05:01:53,"Makin lama makin jdi ni bug, kgk ad perbaikan ap percuma update"
Ahmad Bandoeng,2024-09-30 04:56:23,Selama ini godaplikasi
Perkatin Olahraga katapel,2024-09-30 04:53:59,Semakin keren
joejoe 23,2024-09-30 04:51:12,Kenapa tidak banyak pilihan lagu untuk membuat story atau rheel
dilla Dwiyanti,2024-09-30 04:51:05,"Kok aku gbsa login lewat fb lagi ya, tolong dong di perbaiki lagi"
A Simbig,2024-09-30 04:48:53,âœ¨ï¸ğŸ‘
Epox Boko,2024-09-30 04:47:40,ğŸ‘
chianoxx gantenkk,2024-09-30 04:45:54,arsip nya udah mau di hapuss
Alfisal Firdaus,2024-09-30 04:44:45,"Kenapa sih arsip tibaÂ² di bekukan tuh kenapaaa, woy kenangan kita semua disanaaa"
Sinda Risma,2024-09-30 04:44:33,"Hallo akun saya mau di banned permanen,pas ajukan banding kenapa ngak bisa masuk kan nomer ponsel yağŸ˜­tolong dong min"
Alvito Gandi,2024-09-30 04:42:38,bgus
sofiya tun,2024-09-30 04:41:27,"OMG!!! PLEASEğŸ™ğŸ» DO NOT DELETE THE ARCHIVE FEATURE, IT IS A MEMORY FOR EVERYONE!!"
Fatir Darma Alif,2024-09-30 04:39:04,saya sudah konfir masi pada wasap tetap tidak bisa satu kata untuk pembuat chontol
Adelia Citra,2024-09-30 04:37:04,Sangat bagus
Akuu Unyuuu,2024-09-30 04:35:54,Kalo sampe hapus fitur arsip saya kasih bintang 1
Dejavu Agency,2024-09-30 04:33:59,Keren ğŸ‘ğŸ¾
Akbar Adhia31,2024-09-30 04:33:41,good cop
Agus Nurwahid,2024-09-30 04:32:31,Video reels patah patah
decky vandals surbakti,2024-09-30 04:30:34,ğŸ™‚
MeoW,2024-09-30 04:29:20,Apalah ini.....mau riset kata sandi aja harus nunggu Berjam jam
Seno Pak guru,2024-09-30 04:26:33,Bgus
Muhammad Fahmi shidiq,2024-09-30 04:22:22,mantulll
Dara Marsely putri,2024-09-30 04:21:23,Aku suka sekali bangetğŸ˜šğŸ˜šğŸ˜šğŸ˜šğŸ˜š
Pa Ino,2024-09-30 04:20:32,Aplikasi ya bagus saya suka
Arvand Crazy,2024-09-30 04:18:30,Karena ada filter nya bagus
Muhammad Ali Maksum,2024-09-30 04:18:16,Desain simpel pas gitu ğŸ«¡
Kadek Sri,2024-09-30 04:13:19,menyenangkan
Aniq Lutfia,2024-09-30 04:12:13,"udah di uprgade akun yg satu gak ada fitur barunya, yg lain ada fitur terbaru nya. gimana sih"
Ifii Syaifina,2024-09-30 04:12:04,"Woi please archive jangan di apus, itu banyak kenang kenangan buseettttttt, alasan apus apaan dah"
Abdul Malik,2024-09-30 04:08:43,sangat keren
aura aswinanda,2024-09-30 04:05:38,baguss
Ismail marjuki Marjuki,2024-09-30 04:00:36,Yeah
Padil Desi,2024-09-30 03:57:36,Instagram ini seru banget dan bikin gak bosen sangat berguna
Muhammad Arifandi Priyandana,2024-09-30 03:57:29,saran saya untuk tim developer untuk lebih teliti lagi dalam hal kinerja nya. baru saja kemarin saya tiba-tiba di suspend dengan alasan tidak mengikuti peraturan komunitas sedangkan saya tidak melakukan apa-apa. bahkan sampai sekarang saya masih belum bisa memakai akun instagram saya. Sekali lagi teruntuk tim developer mohon pencerahan nya. terimakasih : )
Alvin Andrianto,2024-09-30 03:56:45,Mantapp
Usman Tehuayo,2024-09-30 03:52:36,Selalu membuat saya merasa bahagia kadang kadang juga sedih wkwkğŸ˜†
vian thea,2024-09-30 03:52:24,ok gasss
RAJA TEGA RAJA TEGA,2024-09-30 03:47:37,Bagus tapi ada tapinya
Muh. Dzul Fakhri walikram,2024-09-30 03:42:47,Tolong pihak Instagram di benahi lagi kalau posting video/foto tolong kalau bisa kualitasnya jangan di kompres. Foto dan video HD ketika di upload jadinya buram
Oka Adnyana,2024-09-30 03:41:18,Very nice .sangat membantu
Allvan 030,2024-09-30 03:38:59,Aplikasi yang sangat baik dan sangat membatu dalam media sosialğŸ™ğŸ™ğŸ’ªğŸ’ª
E suryatini Suryatini,2024-09-30 03:31:26,Kenapaa saya mau bikin akun baru gabisa????! Daftar pakai email gabisaaaa....tolong perbaiki SEGERAAAAAA!!!!
Putri Keyla,2024-09-30 03:30:26,"kenapa kalo mau upload cerita pake lagu selalu ada ""kesalahan""itu kenapa ya?"
Andi Andryan Tarigan,2024-09-30 03:29:23,Aplikasi seharusnya makin upgrade. Ini mala downgrade. KNTL
RISMAN GAMING,2024-09-30 03:28:27,â­â­â­â­â­
Nhuru Nurul,2024-09-30 03:28:18,sangat luarrr biasa
Nining Rizkiyanti,2024-09-30 03:26:53,Good
Ratna Rosa,2024-09-30 03:25:11,Wow
Lisna Mardiyanti,2024-09-30 03:20:53,Please don't remove the archive feature. What's the point of highlight if the archive feature is removed? Please consider that. Instagram is used as a place to store memories too. If the archive feature is removed. Memories will not be remembered anymore. Please don't remove the archive feature
Benbali Driver,2024-09-30 03:20:53,Mudah digunakan dan nyaman
Ridwan ridwan,2024-09-30 03:20:31,"Dalam bulan ini udah 3 kali update enth dari hp nya bermasalah atau ada masalah lainnya, tolong di benerin lagi ğŸ™ğŸ»ğŸ™ğŸ»"
DUOS Kebab,2024-09-30 03:16:53,Mantap
Terang Ukur Ginting,2024-09-30 03:15:04,Mantap. Keren.
Cedric Lawalata,2024-09-30 03:13:46,Mohon untuk memperbaiki Mengikuti Orang saat mau memfollow yah... Krn saya sendiri susah untuk Memfollow Akun pengikut yg lainğŸ™ğŸ™ğŸ™
ALPHA OS,2024-09-30 03:13:22,"Gatau napa ya susah banget buat login, udah request reset password. Keluar error maaf ada masalah. Gitu aja terus"
Rohmah Cantik,2024-09-30 03:09:45,Kenapa kadang kadang foto tidak tersimpan di galeri padahal sudah tersimpan ig
Hamzah rahmatullah Winardi,2024-09-30 03:06:20,"Ketika saya ingin membuat akun baru dan akan mengisi username selalu saja muncul ""harap tunggu beberapa menit sebelum mencoba lagi"" saya sudah menunggu ber jam-jam pun tetap sama. Tolong di perbaiki ya. ğŸ™"
serii ramadhanii,2024-09-30 03:04:25,"instagram makin lama makin jelek, masa fitur kesayangan semua orang di hapus alias archive!!!"
AH SHOLEH Winadi,2024-09-30 03:02:24,Semakin bagus banyak informasi yg bermanfaat
Ria aghnia Aghnia,2024-09-30 02:56:48,Aku suka banget sama filter2 nya cantik2 semua
Adli Rizki Faisal,2024-09-30 02:52:10,"kenapa akun orang ga keliatan on padahal dia online, terakhir online nya ga ada"
hendri yanto,2024-09-30 02:50:50,Masih belum dapat komisi
Lusiatin,2024-09-30 02:49:55,Halo kak. Saya ingin bertanya kenapa akun saya yang ini ga bisa digunakan untuk Memfollow orang? Tolong segera diperbaiki sudah 2 tahun lebih saya gk bisa follow atau follback
Ahmad Habibi,2024-09-30 02:49:08,ğ™ğ™šğ™§ğ™—ğ™–ğ™ğ™ 
Aghueis 1617,2024-09-30 02:45:07,Bagus
Diezaa,2024-09-30 02:39:59,"Ah elah, balikin instagram yg dulu, ribet banget tau gk!! Minta bantuan gk membantu asli, pdhl mau login malah ngirim otp ke nomor lama, sedian kek kirim ke email bisa, mana sekarang nge lag mulu tau gak!!!ğŸ˜¡ğŸ˜¡"
Ka rin369,2024-09-30 02:37:52,Maaf sebelumnya tolong dikasih saran kenapa setiap saya mau login ke akun saya pasti gak bisa bagaimna caranya agar lebih mudah
Fitria Apriyanti,2024-09-30 02:36:40,Fitur archive di hilangkan padahal sengaja menyimpan memory
M Taqi,2024-09-30 02:33:53,"keren sih kemaren saya sempat berlangganan centang biru setahun, dan sekarang udh berhenti krna lebih milih duitnya di tabung buat nikah ğŸ˜‚"
Lia Skm,2024-09-30 02:33:32,ğŸ‘ğŸ‘ğŸ‘ğŸ‘ğŸ‘ğŸ‘ğŸ‘ğŸ‘ğŸ¥°ğŸ¥°ğŸ¥°ğŸ˜ŠğŸ˜ŠğŸ˜ŠğŸ˜Š
Nani Nanda,2024-09-30 02:32:18,Lumayan keren ğŸ¤©
Zahra khairunisa salsabila142,2024-09-30 02:30:23,"napa susah banget dah mau ganti sampul highlight, dah coba berkali kali tetep aja gabisa"
Rhy Adry,2024-09-30 02:29:06,Instagram udh gabisa nyari filter lagi kah? mau cari filter yg JJ tp udh gatau dmna tempatnyağŸ˜Œ pdhl aku punya Ig cma buat pake ituğŸ˜”ğŸ’”
Darma,2024-09-30 02:21:58,Keren
Shankara Maulana,2024-09-30 02:20:14,Keren
Hadi Wijaya,2024-09-30 02:15:48,Lumayan
Ikbaludin Ikbaludin,2024-09-30 02:14:31,Sangat bagus
Radit Dadisapi,2024-09-30 02:09:50,ğŸ™‚
Kian Ji,2024-09-30 02:03:04,Bagus
fanynda maulidina,2024-09-30 01:55:50,"y, ok"
Fidia Novita Rahmawati,2024-09-30 01:52:47,"kenapa saat membuat reels kita sendiri di Instagram tidak ada fitur menyimpan ke galeri, padahal dulu masih bisa sekarang udah ga ada,mohon di perbaiki."
Muhammad jibril ardan A.A,2024-09-30 01:50:01,sangat bagus
Muhammad Saimuri,2024-09-30 01:45:05,Sangat bermanfaat sekali dan sangat menarik untuk diketahui oleh orang lain 2013-2024 semangat terus kerja nya keren banget mantap jangkauan luas
kiranasaraa,2024-09-30 01:44:16,"makin kesini Ig gajelas, masa akun aku jadi ilang gara"" katanya harus ""ajukan banding"" pas udah ikutin langkah"" nya ujung""nya disuruh log out, baru bikin akun lagi tetep kaya gitu juga, bad bgt makin lama."
Indy Zaky,2024-09-30 01:43:39,"plisss arsip story ig jgn ilang dongggggg banyak kenangannyaaa, tenders aj yg diilangin g penting itu, trs komen yg bs muncul dipostingan ilangin ajaaaaaaa"
Erly Setyandari,2024-09-30 01:40:44,Instagram isbthe best
Ni Kadek Ayu Shri Angelia No:24,2024-09-30 01:37:25,"MINNN KENAPA AKUN IG SAYA DI BATASII MINN KAN CUMA NGEFOLLOW/FB DOANG, min tolong dong jangan dibatasi kira kira berapa hari lagi dibatasinya minn ga bisa ngfb orangg:("
Sultoni,2024-09-30 01:32:57,bagus
Eriucky Dhiela,2024-09-30 01:28:49,Bagus sekali
Sugis No,2024-09-30 01:19:55,Mantaf
Atmiati Eti,2024-09-30 01:19:52,Instagram apa ?apa artinya.........
Sigitletsoin 1996,2024-09-30 01:19:07,Like
Samsung a05,2024-09-30 01:18:08,Bagus
Adit Ia,2024-09-30 01:07:49,very useful
Sutra Ungu,2024-09-30 01:06:48,Oke good
iwan iwan,2024-09-30 01:03:26,Bagus sekali membantu saya untuk mencari informasi
Violin Angela,2024-09-30 01:02:39,PLSSS JANGAN HILANGIN FITURRR ARSIPPPPğŸ˜£ğŸ˜£ğŸ˜£ğŸ˜£ FITUR YG LAIN DIHILANGIN GAPAPAAAAAAA
Ovie Sweet (DEVIE YUNITA LUSIANNA),2024-09-30 01:00:48,Instagram media sosial dengan tampilan yang sederhana tidak terlalu banyak iklan
Boim 97,2024-09-30 00:58:39,Mntepp
shafira amelia,2024-09-30 00:56:52,Bermanfaat dan sangat membantu
Herlinda Linda,2024-09-30 00:56:42,Bisa di gunakan untuk ma foto
Revi Ralvianti,2024-09-30 00:56:27,Huhuko
Afiev Saefuddin,2024-09-30 00:47:59,"Instagram mudah sekali kasih hukuman akun. Saya tidak melakukan ujaran kebencian, hinaan, rasis dan lain lain. Kenapa selalu kena hukum?"
Rianda Riantika,2024-09-30 00:46:47,"Tolong Instagram nya ini kenapa ""sedang menyiapkaan bahasa indonesia"" gk bisa bisa,tolong dong"
R A M A,2024-09-30 00:39:51,@alrafaelrama
ninola,2024-09-30 00:38:33,"akun instagram saya sudah 3 hari tidak bisa login. Saat ingin login diberi info ada masalah tak terduga. Tolong dr pihak instagram jgn dibuat susah akun yg ingin login !!!! kalau begini caranya, semua pada tidak bisa menikmati aplikasi ini"
Eko Yanato,2024-09-30 00:37:30,Mntp lah buat tambah teman
Christofelkaloh apriliano,2024-09-30 00:33:04,Okok aja
Ulhu Fiahun,2024-09-30 00:30:59,Rempong
Deni Andriyana,2024-09-30 00:23:32,Mantap pokoknya
Meis Anace,2024-09-30 00:23:27,bagus
Jalil,2024-09-30 00:10:46,Terbaik
Yudi Siswanto,2024-09-30 00:09:36,Good
Dell,2024-09-30 00:06:58,Sorry gw rate bintang 1 krn fitur arsip mau di hapus -_- bakal gue ubah jd bintang 5 klo fitur arsip gk kd di hapus
Ona aprilia Werluka,2024-09-30 00:06:52,Kurang bagus karena saya tidak bisa menggunakan filter disaat memgabdet ulang aplikasi Instagram
Emil19 UstadzahYellow,2024-09-30 00:01:04,"Instagram saya tidak bisa memakai template, padahal sudah lihat caranya di yt atau tt tapi ttep tidak bisa, sudah dengan cara bantuan di fitur ig ny jga tapi tidak bisa terus di update jg udah tapi ga bisa jadi maaf ya saya kecewa setelah bertaun2 memakai ig tapi tidak bisa menggunakan template saya kecewağŸ¥º"
Kin Lovers,2024-09-29 23:56:42,Instagram aplikasi terbaik untuk berbagi pengalaman dan kita juga bisa melihat foto/video dengan kualitas yang sangat bagus.
Irman Tiyo,2024-09-29 23:42:52,Jos
Rita Sarita,2024-09-29 23:42:32,Ook
Fitria Fitria,2024-09-29 23:40:41,Lumayan ya saat dimainin tapi agak ngelek sedikit
Rafini Tani,2024-09-29 23:36:52,Bnya pelajaran dan pengalaman yang gua dapet
citra Ningsih,2024-09-29 23:29:48,jangan hapus archive dan story tolong. kalian setuju archive dan story Instagram dihapus
Muhammad fateh Radjasa,2024-09-29 23:25:23,Muhammad Fateh Sarah Khaakaa Bus Sri Sofia Poniman Papa Dedi Irawan lbu Hendika Sari Dyah Pak Ubay
Aris Karisma,2024-09-29 23:25:02,Good
Projo Dewanto,2024-09-29 23:23:42,Oke
ahmad babri kaban,2024-09-29 23:16:50,Cool apps
Kna571_,2024-09-29 23:12:48,Kalau bisa tambahkan fitur yang bisa melihat orang yang unfollow kita
Rena Ta,2024-09-29 22:59:49,"sebelum bagus baik malah tapi kok tiba - tiba akun aku ditangguhkan padhal ga ngelanggar panduan komunitas Instagram mana pas dibenerin ga bisa ""terlalu banyak kode sms anda harus menunggu 24 jam untuk kode lain lagi"" Padhal udah nunggu 24 jam lo"
Ermawati Hapas (Emma),2024-09-29 22:58:37,Mantullll
aulia cholisa,2024-09-29 22:58:30,"For our favorite applications Please, think again to remove the Archive feature on Instagram. Bcs, Archive feature is very needed to save many precious moments. I would give 5 stars if the archives weren't lost!!!"
Megaselvia AMMSSA,2024-09-29 22:56:44,Ok
kareen Alina,2024-09-29 22:56:02,Keren
Pasha Crs,2024-09-29 22:55:40,WOI LAHH IGG INI KNPA STORY GA MUNCUL DI ARSIP PLSS LAAA
Adi Mea,2024-09-29 22:51:32,"Tolong dong ini pihak instagram, instagram saya belum ada uptade baru, jadi instagram sya masi yg lama"
Sukmawati Sukmawati,2024-09-29 22:47:01,Baik
Febry Danuarta,2024-09-29 22:36:25,"Sering bug,bugnya di perbaiki dong bgg"
sitta Zahratul,2024-09-29 22:33:08,"fiturr lagu di profil hilang, padahal d akun lainnya masih ada, tolong jelasin kenapa"
Emant Magiima,2024-09-29 22:31:28,Kren dan simpel
Moli Tkn,2024-09-29 22:12:57,Good
Aurellia Sandi Budiono,2024-09-29 22:12:17,"Gajelas banget tiba"" akun di banned tanpa alasan yang jelas, padahal itu udah akun lama"
Maulana IM,2024-09-29 22:11:19,makin gaberes ig
fittra kr24,2024-09-29 22:09:53,Suatu hal yang sangat bermanfaat saat menggunakan Instagram untuk mengembangkan hobi kita dll karena bisa terhubung dengan Facebook dengan mudah dan instan terimakasih Instagram semoga lebih maju dan lebih canggih lagi untuk layanan fitur fitur barunya
dindaaptrii,2024-09-29 22:03:09,pls jgn ilangin arsip
Arman maulana,2024-09-29 21:53:59,Aplikasi Ig nya sangat bagus puas banget
Indriawati Fitriya,2024-09-29 21:40:54,Ok
Haidar Ali,2024-09-29 21:27:08,sangat bagus
Xllgstn 08,2024-09-29 21:19:57,Kurang puas
Chamidah Yudi,2024-09-29 21:03:07,Mantaaap siip
Yogi Bangko,2024-09-29 20:21:43,Good
Anjani Fadlan,2024-09-29 20:10:23,"Admin, kenapa akun saya banyak yang follow tapi followers tidak terbaca. Misal follsnya 8.990, lalu tiap hari banyak yang follow, tetap stuck di angka itu, gak naik. Bahkan terkadang naik turun"
Aini Delina,2024-09-29 20:07:13,Bangu
Panglima Street,2024-09-29 20:01:12,Mengapa fitur pencapaian saya pada dasbor profesional tidak ada ???
Edah Siti,2024-09-29 19:57:17,Bagus
Rezha,2024-09-29 19:54:22,jangan hapus sistem arsip itu paling berguna bagi sayaa
Langit Biru,2024-09-29 19:52:33,Sangat bagus
Plaat E,2024-09-29 19:27:41,Membantu
Ali Kurnia,2024-09-29 19:27:34,Media Sosial yg bagus.. untuk mendokumentasikan Moment kita
Kiki Husen,2024-09-29 19:17:21,saya pakai akun FB kenapa tiba2 keluar sendiri tolong ampilkasi ini
JOKER RASs,2024-09-29 19:16:07,Yess not good
Maura Ratu,2024-09-29 19:12:36,Sangat baguss Ttp berikan yg terbaik buat kami
Dewi Fortuna,2024-09-29 18:49:57,Good
Gigin Ginanjar,2024-09-29 18:35:15,Good
Ope Linggar,2024-09-29 18:33:46,Semoga mengasik kan
Cherbond Motor,2024-09-29 18:30:36,"Kendala dalam perjalanan kerap dialami oleh pengendara mobil sehingga terkadang membutuhkan pertolongan darurat dalam waktu singkat agar dapat melanjutkan perjalanan. Dalam hal ini, konsumen bisa memanfaatkan layanan bengkel panggilan 24 jam dengan sistem storing.Pasalnya, tidak semua bengkel membuka layanan tersebut. Khusus di Bandung, ada layanan bengkel panggilan 24 jam yang dapat membuat konsumen sedikit lega bila sempat terjadi kendala di jalan.Bengkel mobil Cherbond Motor adalah solusinya"
Ade novian Saputra,2024-09-29 18:20:02,Good
Aprillia Sopian,2024-09-29 18:08:30,"Instagram sekarang ga jelas, cuma komen di giveaway doang MELANGGAR!"
shamira aldira,2024-09-29 18:05:41,"abis di update malah lemottt bgtttttt, padahal sinya l aman aplg kouta aman bangett tolonglahhhhh"
benidictus tambayong,2024-09-29 18:03:07,Saya Puas sebab banyak sahabat saya temui di IG
Hendra Hermawan,2024-09-29 17:57:57,Sangat bagus
Amarkus Kustiawan,2024-09-29 17:53:25,Ok
Yongga Tindih,2024-09-29 17:41:38,Baik
Muhammad iqbal,2024-09-29 17:39:35,sangat bagus
Iyuk Ama,2024-09-29 17:36:50,Good
Muhammad Azmi,2024-09-29 17:33:34,asal komen dikit di batasi gajelas lu
Boy Roni,2024-09-29 17:32:01,Bgus
Ramuzni Khan,2024-09-29 17:31:20,Please jgn hapus arsip d ig
Debby natalia,2024-09-29 17:28:30,Bagus sih bagus cuma ga bisa di update
Ahmad Aom Official,2024-09-29 17:21:42,Cakep aplikasi yang berkualitas.
Niko Hermansyah,2024-09-29 17:19:06,mantap
Habib Lutfi,2024-09-29 17:10:29,"kureng bgt skrng, update kek pas mau bikin sg masak blur,pdhl di wa ga se blur itu,selain ituu tolong dong,masak tiba tiba akun gw ke suspend"
Marcell Satriya,2024-09-29 17:08:00,good
Balqiss,2024-09-29 17:04:26,"Menurutku, semuanya udah bagus KECUALI. KALAU MAU POSTING ITU DAN UKURAN NYA GAK SESUAI DENGAN UKURAN BASE/DASAR DRI INSTA PASTI GAMBARNYA KEPOTONG AJGDJSHDJBSJD PLS LAH YA INSTAGRAM UDH BANYAK ARTWORK KU KEPOTONG GARA2 INI"
Pingki Mauludiah,2024-09-29 17:03:13,"kasi bintang 2 dulu, bintang 5nya nanti kalo fitur arsip g jdi diilangin"
Ulul azmi,2024-09-29 16:59:06,Kurang bagus
PUTRI ALYA,2024-09-29 16:58:37,pleaseee font terbaru tolong kasih ke akun kedua jg :(
teddy toegiman,2024-09-29 16:56:24,Mantap
Ayu Angelina Firdaus,2024-09-29 16:56:16,"Saya sangat suka Instagram, tapi mengapa fitur arsip harus dihapuskan. Itu benar-benar sangat merugikan, saya sangat kecewa."
Benny Rb,2024-09-29 16:55:17,Matappppppp!!!
Mikael Saragih,2024-09-29 16:54:01,Masih
sefry ajh,2024-09-29 16:50:59,sya ksih bintang 6
ade dais,2024-09-29 16:38:36,Keren kameranya
Aril Setiawan,2024-09-29 16:27:11,"Tolong untuk fitur arsip jangan di hilangkan, karena di situ banyak kenangan indah yang tidak bisa terulang"
Yogie Tryas Permana,2024-09-29 16:24:26,Tak bisa pilih lagu
Bang azam Azka,2024-09-29 16:23:59,Sangat membantu saya
Anjana denbond,2024-09-29 16:23:07,Top
Sayang Nurul03,2024-09-29 16:21:54,Ok
eko eko,2024-09-29 16:16:26,"kenapa banned akun sembarangan?? saya cuma mengunci akun saya karna privasi, malah di banned,,, kebijakan tolol macam apa itu"
herlina dassliee,2024-09-29 16:11:52,Instagram sngt membantu saya.
Candra Ponsel,2024-09-29 16:11:51,Baguss
Airin Cks,2024-09-29 16:07:58,good
Fitri Yani,2024-09-29 16:07:09,"Please,think again to remove the archive feature on instagram.because archive feature is very needed to save many precious momentsğŸ¥²"
rino rinerta,2024-09-29 16:06:59,Oke sih
Deri Asala putra,2024-09-29 16:06:21,Bantu fyp kun saya
Sisil sipiu,2024-09-29 16:03:06,Tingkatkan lagi kualitas foto HD maupun video ğŸ™ğŸ»
Arroyyania Wifdan,2024-09-29 16:02:39,yang bener kalo ada laporan pelanggaran...gada ap ap akun gw ga bisa masuk suruh kirim code kaga di kirim apk gajelas
Rasyid Nur Sidik,2024-09-29 16:00:06,ko forclose mulu sih cebell
dimas akbar,2024-09-29 15:58:13,kereeeeeen
Denny Degei,2024-09-29 15:56:48,Sangat spesial
Irsyadul Ibad,2024-09-29 15:56:28,Sangat baguss .tolong kondisikan iklan dengan baik dan sopan
Siti halimatus Sa'diyah,2024-09-29 15:53:40,"di fitur edit story, font pembaruan tidak muncul"
Bambang Riyan,2024-09-29 15:52:38,Ok. Ok. Ok
Asep Kusnadi,2024-09-29 15:50:16,Mantap
Lutfi Asslaam,2024-09-29 15:48:47,Nih ya udh aku kasih bintang lima tapi fitur arsip nya jangan di ilangin ya pliisss
Ahmad Salim Bani,2024-09-29 15:48:22,Bagus.
Hadi Prabowo,2024-09-29 15:47:57,I like it..Instagram oke.
Reza Supiandi,2024-09-29 15:47:01,Bagus
ABD ROCHIM,2024-09-29 15:44:24,Apl baguus diintal langsul bisa
Voiddz,2024-09-29 15:42:06,"INSTAGRAM HARUS TAMBAHKAN FITUR HISTORY SIH, PLEASE PASTI AKAN SANGAT MEMBANTU BANGET ğŸ™ğŸ™ketika sedang scrolling ketemu konten bagus suka sering banget ke refresh soalnya ğŸ™"
zulpiiikarr 019,2024-09-29 15:37:43,"sangat buruk sakalih,bleeee bleeee bleeee"
Khalid 22,2024-09-29 15:36:56,Balikin fitur history anj
Wandi Herwandi,2024-09-29 15:31:35,Mantul aplikasinya saran saya lebih ditikatkan lagi kinerjanya
Siti Nurjanah,2024-09-29 15:29:16,"Apk baguss, cuma aku mau minta permintaan buatin fitur baru dong kak, biar lebih privasi foto pp IG bisa dikunci, soalnya pengalaman aku sampe ada orang lain pake identitas dan foto aku disebarkn Buat fitur lebih kekinian ya kak , TerimakasihğŸ˜Š"
Anggun 123,2024-09-29 15:29:09,apk soakk
Sari Kasmah,2024-09-29 15:26:32,Gak bisa login ke akun baru
Sashiko Official,2024-09-29 15:25:11,"Pliss arsip Ig jangan di hapusğŸ™ boleh di hapuss untuk sementara kalo untuk perbaikan tapi plis balikin lagii arsip ignya semua kenangan, kejametan, ada di dalam arsip Ig semuaa plisssğŸ™ğŸ™ğŸ™ğŸ˜­ğŸ˜­ğŸ˜­ğŸ˜­"
Aji Saputra,2024-09-29 15:24:54,Mamtap
Allya musriva,2024-09-29 15:22:57,jangan hilangkan archive nya pls
ANDI SM,2024-09-29 15:22:05,Good
Parman 123,2024-09-29 15:19:28,Terimakasih
UJANG SURYA AJI,2024-09-29 15:19:20,"Instagram babi, udah update malah makin gajelas, buka fitur juga muter terus, aneh, padahal udah meta"
R yan Bengkulu,2024-09-29 15:10:57,"Kreen, membantu untuk kegiatan yg positif&menghibur keseharian dari sela2 aktifitas."
KalKal,2024-09-29 15:10:57,"fitur template di story saya tidak bisa di gunakan, tetapi pas saya coba di akun ke-2 saya, pakai template itu bisa, gatau ini bug atau apa tapi mohon segera di perbaiki secepatnya, saya merasa terganggu dengan hal ini ğŸ‘Š"
Liyannie,2024-09-29 15:08:32,"berulang kli login tpi gabisa, giliran buat akun baru malah ke log out. maunya apasih?"
Zul Fikar,2024-09-29 15:08:23,Pokok nya josss
Wildan Rizki,2024-09-29 15:06:22,"tidak mendapatkan update seperti teman teman saya, ui masih menggunakan ui yang lama, gimana ini ig tolong fiturnya di akun saya"
Lisa Alsyaira,2024-09-29 15:06:21,gasuka arsip bakal dihapus
Risna Chemong,2024-09-29 15:06:05,Semoga bisa menghasilkan uang disini karna di FB tidak seberuntung yang lain
mahfudzadnan,2024-09-29 15:05:59,don't delete the archive feature pleaseğŸ™ğŸ»
Yawa Elly,2024-09-29 15:05:37,Baik
Faisalsaputra Faisal,2024-09-29 15:04:22,"fitur archive,tolong agar ditingkatkan keandalan sistem penyimpanan arsipnya.jangan sampe di hapus"
Muhammad khidhir Khaidir,2024-09-29 15:02:21,Makin ke sini makin aneh ni apk pdhl bagus loh
M. Rafif,2024-09-29 14:59:43,Good
Caya Aura Kolby,2024-09-29 14:55:35,BAGUS TAPI BANYAK ORANG YANG SARUÂ² MAKASIH
albian athaya putra,2024-09-29 14:55:30,"apload foto gabisa, ngeliat story ngestuck mulu. makin sampah aja ini ig"
Nisa Sinaga,2024-09-29 14:55:10,sangat bagus dalam membantu komunikasi
Rifki Ahmad,2024-09-29 14:55:02,mantap
Sihatun,2024-09-29 14:54:34,"please do not delete the archives because there are many important moments there, keep the archives as usual and as should be"
Kezia Zebua,2024-09-29 14:51:57,saya kasih bintang satu karena beberapa arsip story yang merupakan kenangan bagi saya seketika menghilang. Tolong jangan hapus fitur arsip di InstagramğŸ™ğŸ»ğŸ™ğŸ»
Munifa tifani ifa Tifani ifa,2024-09-29 14:51:34,luar bisa ğŸ‘ğŸ‘ğŸ‘
Ratih Yulianti,2024-09-29 14:47:59,sangat bagus fiturnya
Lintang Mahendra,2024-09-29 14:47:23,"Awalnya isengÂ² nyoba fitur izinkan menambahkan media,eh pas di nonaktifkan malah logo/lambang fiturnya tidak bisa hilang,mohon pihak Instagram untuk membenahi fitur tersebut.sya rasa tidak ada gunanya fitur tersebut yang ada malah tambah jelek postingan jadi terasa kotor karena adanya logo tersebut."
Rizal Fahrezi,2024-09-29 14:44:16,rizal fahrezi ganteng
Ompong Kasep,2024-09-29 14:43:16,Mantap
ddevo lynn707,2024-09-29 14:40:27,"KENAPA NONTON STORY KITA SENDIRI JADI LANGSUNG KEGESER KE STORY TEMEN???!!!!! PLIS BALIKIN YG KMRN, ABIS NONTON STORY KITA SENDIRI TUH BALIK LAGI KE HOMEPAGE BUKAN MALAH KE STORY TEMEN DISEBELAHNYAAA"
Sheril kaisa Daus,2024-09-29 14:40:09,"GK bisa live Ama buat story udah lapor 8x,udah di tunggu seminggu tetep aja GK bisa."
Piking Piking,2024-09-29 14:38:43,Suk ses
Abdul Kosim,2024-09-29 14:38:36,Semoga menjadi lebih baik
Yen Magai,2024-09-29 14:36:30,Kreator Digital
Andreas Ardi,2024-09-29 14:35:44,Aplikasi bagus hanya saja di saya kok tidak ada fitur catatan padahal sudah update ğŸ¥²
Kaman Samosir,2024-09-29 14:33:33,sering error
Silvia silvia99,2024-09-29 14:33:00,"gasuka IG lagi karena mau ngehapus semua arsipan, pls lah IG jangan ngehapus semua arsipan banyak kenangan di situ:("
Sonia Jesica Sipayung,2024-09-29 14:31:08,Tidak bisa siaran langsung knp ya
Wa Ni,2024-09-29 14:30:45,"Kenapa selalu dibatasi disast saya berkomentar, saya menulis memakai bahasa arab, apakah itu salah atau tidak suka saya menulis bahasa arab"
alvandi nur Febriyan,2024-09-29 14:29:28,Makin update makin gak jelas
Brata Bt,2024-09-29 14:25:50,Keren
Zulfikar 03,2024-09-29 14:25:13,Enakennnnn
4Get Gali,2024-09-29 14:25:11,five star
abdul zukur,2024-09-29 14:24:07,good
Kae,2024-09-29 14:17:03,"Sorry instagram, arsip ku banyak yang ga bisa gerak lagi, kalau pulih ntar balik kasih bintang 5"
RGM Rak gondola majenang,2024-09-29 14:15:49,Jos
Risyam Abdillah,2024-09-29 14:15:39,kecewa berat
ellyana pranawati,2024-09-29 14:15:20,Menjadikan memori atau kenangan bisa di lihat lagi dan lagi
F.Abiyyu Bahy,2024-09-29 14:14:24,"aplikasi tolol tidak bisa naik ke fitur update terbaru padahal udah update dari playstore sudah ada 4 bulan tidak berubah fitur baru sangat"" tidak profesional dan lambatt"
Feby oliviya,2024-09-29 14:13:30,updatean ga guna
gusti ariyadi,2024-09-29 14:13:25,"Instagram nggak jelas. Gua hanya foto lengan dan kaki saya yang ber otot malah dapat pelanggaran. Sedangkan yang cewek"" full hot parah bisa bebas begitu saja. Gua pamer urat dan otot bukan aurat"
Bang Iip,2024-09-29 14:07:04,Ulasan bersifat publik serta menyertakan info akun dan perangkat Anda.Pelajari lebih lanjut
Galih Muhamad Agustian,2024-09-29 14:06:43,Bismilahh bisaaaaa
Alex Jr,2024-09-29 14:06:28,Sangat bagus
Irwandi 2007,2024-09-29 14:06:09,Ok
Kota Bekasi_Fajar Noviati,2024-09-29 14:05:14,Saat ini saya tdk bisa buka aplikasi Instagram akun saya sendiri? Ada yg bs bantu kah?
UNFORGIVEN official,2024-09-29 14:04:30,Ok
Dimas Nugroho,2024-09-29 14:03:07,Yah kok di blok ig gua sekarang bukak dong ig sy jangan di blokir plisss..
Yenni Octarina,2024-09-29 14:01:45,Cool ğŸ‘ŒğŸ‘
Prillydifana Safira Lapadengan,2024-09-29 14:01:39,"ini kenapa akun instagram saya difitur FONT tidak terperbaharui? masih paki FONT yang model lama. padahal selalu di update terus, tapi kenapa fitur FONT nya tidak berubah ke FONT terbaru. tolong diperbaiki yah!"
Michael Frily,2024-09-29 14:01:11,"niat ga sih? bukan nya makin maju malah makin ngaco ! gue cuman mau bikin akun baru, muncul terus tulisan ""harap tunggu beberapa menit sebelum mencoba lagi"" heyyy? saya nunggu lama tapi hasil nya tulisan nya gitu mulu... gue tunggu sampai 3 hari lebih buat nyoba buat masih aja yang muncul tulisan itu... lalu juga buat mulihin akun sedikit"" ada masalah, gue juga cuman mau riset sandi akun gue yang ilang heyy masih aja tulisan ada masalah mau sampai kapan?? gue saranin perbaikin lagi apk nya."
Elsa Pitri,2024-09-29 13:59:13,"Ga suka ih ini kenapa Ig setelah di update ngelekÂ²susah untuk masuk atau ngapaÂ²in, tolong diperbaikiğŸ˜­"
Shakila Naura,2024-09-29 13:59:05,Djm racing speed48
Priska Putri,2024-09-29 13:58:12,meta please don't remove the archive feature because it is very useful for storing many memoriesğŸ¥ºğŸ¥º
Yulius Bakery,2024-09-29 13:53:24,"Luar biasa,,, thanks @instagramğŸğŸ‰ğŸ’•"
SWannn.,2024-09-29 13:52:48,arsip lama tidak tersedia lagi
Epull Az,2024-09-29 13:52:47,Sangat baik dan membantu
sarah saputri,2024-09-29 13:49:51,Sangat bagus dan keren kak ğŸ¤—
Septi Rahmadani16,2024-09-29 13:48:03,Sangat baik
karman Andi,2024-09-29 13:46:30,Cakep
ade putri,2024-09-29 13:46:27,fakkk lah
shafira mikaella,2024-09-29 13:45:13,fitur arsip jngn di hps plsssss:(
DzakyArdhana,2024-09-29 13:44:40,"Awal kehancuran Instagram, semua fitur dihilangkan, yg lain semakin update semakin bagus, Instagram semakin update semakin jelek, downrage ğŸ‘"
Rafan Davamaulana,2024-09-29 13:44:38,Aplikasi sangat bagus
Kanda Dinda,2024-09-29 13:44:34,Tingkatkan ge aplikasinya. Untuk saat ini sudah bagus.
suwarto benjol,2024-09-29 13:44:18,Mantap
Ahmad Supiyanto,2024-09-29 13:42:36,Toplah di kembangkan lagi biar pengguna lebih suka
Orchid â€œOrchidâ€ Orchid,2024-09-29 13:42:30,"saya mau fitur Instagram terbaru kadang ada kadang hilang, saya mau yg fitur tulisan lokasi nya kecil2"
Alimuddin Ali,2024-09-29 13:41:28,Mohon bntyanya cara unfollo akun yg tdk follback kita
yola ferdianti,2024-09-29 13:41:20,TOLONG BUG LIVE SEGERA DIBENERIN MIN....ğŸ™ğŸ¼
motor Beat,2024-09-29 13:41:08,5138 Dar pinih
Olin Tamang,2024-09-29 13:39:10,Karen sekaliğŸ‘
nindya rarasati,2024-09-29 13:35:11,jangan hapus arsipp story!!!!!
L ilmisssassi,2024-09-29 13:35:02,â™¥ï¸â™¥ï¸â™¥ï¸â™¥ï¸
Jeffry Donal oskar,2024-09-29 13:34:24,Sangat baik pertahankan
Mr. eman,2024-09-29 13:33:39,Sangat bagus
Firaa 269,2024-09-29 13:29:30,PLCC IG jangan ilangin fitur apapun lagiiii
RAFJAN Sibua,2024-09-29 13:28:59,saya suka dgn aplk
Marley Killer,2024-09-29 13:27:54,Kreenn
amucktugboat 890,2024-09-29 13:22:22,Banyak orang alay dah
Just Me,2024-09-29 13:18:05,"Faklah kadang suka error, postingan tbtb ilang"
Dky 05,2024-09-29 13:15:39,Aku ingin banyak video 18 no sensor pliss ğŸ˜‹ğŸ˜‹ğŸ˜‹ğŸ¤¤ğŸ¤¤ğŸ¤¤ğŸ¥µğŸ¥µğŸ¥µğŸ¥µğŸ‘‰ğŸ»ğŸ‘ŒğŸ»ğŸ†ğŸŒğŸ”ğŸ”
Putra Rezqya,2024-09-29 13:15:09,"Tolong saya kenapa saat ingin membuat akun baru selalu tidak bisa padahal sudah di isi semua data""nya mohon bantuan nya"
New Kidz,2024-09-29 13:13:33,Buka kamera suka keluar dri apk nya tolong dong benerin
Romi Kurniadi,2024-09-29 13:11:42,Aplikasinya seruh sih tapi ada yang kurang kenapa aplikasinya banyak yang sesad terus ya daftar nya itu loh susah banget
desman fkogoya,2024-09-29 13:11:35,Maantaap
Muchlis Adi Putra,2024-09-29 13:09:18,"Gk bisa lht postingan terbaru di beranda sudah 2 hari, makin aneh, pelanggannya di suruh pindah ke tik tok kayaknya"
Yannuar Ramadhan,2024-09-29 13:08:29,Jangan hapus fitur arsip
Dodit Adi pratama,2024-09-29 13:06:41,Tolong fyp kan reel sayağŸ™
Mustapa Mustapa,2024-09-29 13:05:49,Bagus
Lingling,2024-09-29 12:56:37,Baik
Karel Karel. Selly,2024-09-29 12:52:29,Whastapp
Abdus official,2024-09-29 12:51:53,instagram tolong ya arsip story jangan di hapus please karna fitur arsip itu sangat penting bgt bagi para pengguna ig saya sudah 7tahun menggunakan Instagram dan semuanya aman2 aja tpi ketika arsip story mau dihapus jujur agak kecewa sih ntar bintangnya saya kasih 1 loh beneran
Rendi Oppo,2024-09-29 12:51:17,Saya sangat suka dengan apk ini
Riska Rustam,2024-09-29 12:51:02,Lumayan bagus
Icha Difa,2024-09-29 12:50:19,akun ig gua yang jadul apa ig nya emang brengsek? ko gada update an yang piring hitam musik itu min
Fitrah Habibi,2024-09-29 12:49:40,Is the best
Muhammad athallah Zein 77,2024-09-29 12:49:37,Vid nya nge freeze padahal internet kuat
Liu Bun Ciaf,2024-09-29 12:49:27,Bagus bangt
Afifah Kolut,2024-09-29 12:49:25,Bagus bangetttt gak bisa berkata kataa
Abdul Rahman,2024-09-29 12:42:06,Good
Alfazri Abu thorik,2024-09-29 12:41:45,maaf ya Instagram ğŸ™
Denis Bogagmail,2024-09-29 12:39:44,Aplikasi sampah....!!!!!!!!!!
Ihza Hayati,2024-09-29 12:38:44,kalau arsip ig dihilangin akan kuganti jadi bintang 1 :))
Sky Lilis,2024-09-29 12:33:32,saya suka karena saya bisa menemukan ide ide yang baik tetapi tolong di perbaiki bug yang masih ada ya
Juli. Jr,2024-09-29 12:33:09,Mantap ğŸ‘:â -â )
Sip2755 Yaaa,2024-09-29 12:29:44,"Pemberitahuan untuk apk ig, gw follow tmen gw, knp kg bisa trs, ksih penjelasan, gc jawab ??????"
rafii akbar,2024-09-29 12:28:51,ğŸ™ƒ
Kamila Saadah,2024-09-29 12:26:36,Dahlahh males Ama Ig pake hapus archive segala
agung kurniawan,2024-09-29 12:24:16,ok
Heru Tika,2024-09-29 12:20:18,Good
Fazri Dannata,2024-09-29 12:19:41,"Ko gw lagi ngomongin vape sama temen gw, tiba2 langsung di muncul vape di pencarian gw ya, aneh ni aplikasi"
Azahra Deswita,2024-09-29 12:19:08,Menarikkk bet
Liaa Nana,2024-09-29 12:14:57,sangat bbaguss
raihan firdaus,2024-09-29 12:14:18,by1 kita?
muhammad faza,2024-09-29 12:11:33,"Eh knt0l, makin kesini bug makin nambah, mulai dr fitur story, post, explore, algoritma gaje smua ppq knt0l anj9 l0nte bb1 kau"
Edo Numberi,2024-09-29 12:08:40,Sangat Bagus
Amlalpn Pedipedi,2024-09-29 12:07:29,Memek hasem bau
Rohyani Yani,2024-09-29 12:06:34,Mantap betul
zalfa Nabilla S,2024-09-29 12:06:28,Suka kelura kzl
DELI ALFAISH,2024-09-29 12:03:04,bagus boyy
Candini,2024-09-29 11:58:54,Ya begitulahğŸ‘
Iceva Kyla,2024-09-29 11:57:33,Tolong kasi fitur repost di instagram
Yeti Indriana,2024-09-29 11:57:24,"Sudah baik, Tolong kasih fitur repost!"
Rusliyadi Landing,2024-09-29 11:55:00,Lebeh tingkatkan lagi...
Aden indra Awijaya,2024-09-29 11:52:24,Saya sangat suka menggunakan instagram Good
Rifal dy,2024-09-29 11:51:03,Plise arsip Instagram jangan di hapuss
cikitha Hasan,2024-09-29 11:50:50,mending yg threads di hapus dripada fitur arsip. please bnyak kenangan dstuu. aku kasih bintang 5 kalau dibatalkan menghilangkan fitur arsipnya
fajri Maulana,2024-09-29 11:50:33,Magus
elsa meisyani,2024-09-29 11:47:38,saya suka tpi kok ga bisa di perbarui????
samiun edo,2024-09-29 11:45:16,Suka aja
fajril Kesyah,2024-09-29 11:43:56,mantap
Nayla Putri azzahra,2024-09-29 11:39:37,ini saya kasih bintang
Setya Percona,2024-09-29 11:37:27,Ok
Yara Yuliandes,2024-09-29 11:32:58,"Sebelumya saya masih dalam fitur baru tapi,setelah saya hapus saya pikir fiturnya akan tetap sama jadi saya download tapi,saya kehilangan 2 fitur di instagram saya yaitu music & camera jga fitur tema ""Dark Mode"""
Fransina Koyari,2024-09-29 11:31:44,Sangat baik
nayla bunga,2024-09-29 11:26:58,"instagrak berguna bgt si bgi saya, n tlong fitur arsip jgn d hps ya"
Rachmad Kevin,2024-09-29 11:25:36,"Teruntuk pihak instagram, Kenapa instagram akhir akhir ini jaringan nya selalu buruk/gak stabil? Saya buka apk selain instagram lancar jaringan, tolong donk perbaiki bug/jaringan instagram nya?"
Dandi Akbar,2024-09-29 11:25:21,"Hedehh akun utama tiba-tiba di nonaktifkan, mau aj banding ga bisa, terus nyoba lewat help center malah ga ada pilihan untuk aju banding ny, pdahal ga ngapa""in tiba-tiba aj di nonaktifkan, gimana solusinyaa inii"
Triyani,2024-09-29 11:24:15,NI GUE KSSI BINTANG 5 TAPII PLSS INSTAGRAM JNGN APUS ARCHIVE story plsss plsss plsssssğŸ’”ğŸ’”ğŸ’”ğŸ’”ğŸ’”
MUHAMMAD ANANDA RAMADHANI,2024-09-29 11:20:38,"siap"" bakal turun ni rating aplikasi kalo fitur arsip story di hapus/ilangin"
Candra Sarah,2024-09-29 11:18:51,Bagus
viraa Arviyah,2024-09-29 11:18:04,"Buka akun saya met, please"
Hanro Saja,2024-09-29 11:17:23,Apks ini lumayan bagus untuk berteman tapi masih banyak yang salah mohon di perbaiki ya ğŸ™ğŸ™
Abdul rohim,2024-09-29 11:15:32,Mantap tapi suka ada bug
Asah Khon,2024-09-29 11:14:20,Yayaya
Riyani Yani,2024-09-29 11:13:09,sukakk
Afrisha Nayyira Ibrahim,2024-09-29 11:12:21,JANGAN HILANGIN FITUR ARSIP!!
yahya ayasi,2024-09-29 11:10:02,"Akun yahya_ayasi_jay , knpa tidak bisa kirm verikasi no handphone, tolong di perbakin"
Anisa,2024-09-29 11:08:29,Kenapa tidak bisa membuat akun baru
Abida Faizah,2024-09-29 11:08:13,Bgus bgt
Always Alightment,2024-09-29 11:07:30,Bagus banget nanti kedepannya tolong perbaiki fitur fitur yang lainnya terimakasih.
Ardi Yanto,2024-09-29 11:04:29,Cakep
Yessy Tipi,2024-09-29 11:03:56,keren
intan permatasari,2024-09-29 11:01:18,Ini ig yg eror atau emg ig saya doang. Karna tampilan beranda saya malah nampilin postingan dari akun yg ga saya ikutin. Udh pilih untuk snooze tp tetep aja muncul postingan dari akun ga bermutu. Plis lah help!!!
Mira Wasti,2024-09-29 10:59:21,Mantap
Syahrulloh,2024-09-29 10:57:27,Okey
Zen Putra,2024-09-29 10:56:13,IG aku hilang (kayaknya kena hack)
Red Ochann,2024-09-29 10:53:40,Love it...share dan post
Dendi Ramlan,2024-09-29 10:52:07,Good.
Azis Kwd,2024-09-29 10:51:44,Mantap
Devitaayuanggraini Anggraini,2024-09-29 10:49:35,Sayaaa sangatt menyukaii aplikasih ini karenaa bisaa membuat saya menjadi rasa percaya dirii dan pd untuk keluar rumahhh gaa kayak dluu yg selalu introvert klo di ajak keluar rumahh
moonvape mohdjam,2024-09-29 10:48:45,Good
Fitri Lintang,2024-09-29 10:46:48,"FITUR ARSIP GABOLEH DI ILANGINNNNNN, NANTI KALO DI ILANGIN AKU KASI BINTANG SATUUUUUUUUUUğŸ˜ ğŸ˜ ğŸ˜ ğŸ˜ "
Erin Desvika,2024-09-29 10:46:38,ğ”¸ğ•¡ğ•ğ•šğ•œğ•’ğ•¤ğ•š ğ•šğ•Ÿğ•¤ğ•¥ğ•’ğ•˜ğ•£ğ•’ğ•ğ•Ÿğ•ªğ•’ ğ•“ğ•’ğ•˜ğ•¦ğ•¤ ğ•˜ğ•’ğ•œ ğ•ğ•–ğ•ğ• ğ•¥ ğ••ğ•’ğ•Ÿ â„â„™ ğ•˜ğ•’ğ•œ ğ•“ğ•¦ğ•¥ğ•¦ğ•™ ğ•£ğ•’ğ• ğ•ªğ•’ğ•Ÿğ•˜ ğ•“ğ•–ğ•¤ğ•’ğ•£
Bernita Anggreni,2024-09-29 10:42:55,"Arsip instagram ngapain dihilangkan, saya juga mau ganti sandi susah, eror mulu"
irvan bodo,2024-09-29 10:40:30,Jangan hapus arsip
14. Imam Akbar Saputra,2024-09-29 10:36:28,Ig udah baguss tapi pliss Jangan ilangin fitur archive ğŸ˜­
Dyah kamalina Diyen,2024-09-29 10:33:54,Aku kasih bintang 1 karena arsip story mau dihapus
Aisah Yumna,2024-09-29 10:33:21,Kok kalau ngeliat postingan orng sandretÂ² sih video nya dan satu lagi kok gk bisa nyimpan efek yg bagus bagus instagram sekarang berubah sebelum di update bagus setelah di update jelekk gimana sihh tolong di perbaiki ya permasalahan nya
RAFLY FEBRYANTO MUHAMAD,2024-09-29 10:31:15,Sangat terbaik
dimas ramadhani,2024-09-29 10:29:14,Jos
Azhari Miharja,2024-09-29 10:29:06,Aplikasi taik gampang x di retas terlalu lama kasih kode verifikasi
Wawan Wartono,2024-09-29 10:23:55,Ok
mnda ygy,2024-09-29 10:23:33,pliss arsip jgn diapuss bny bgt vdio sy datu min memo ga bisa nampung google drive jg ga ngedukung ;((
Akbar Syaputra,2024-09-29 10:20:57,"akun saya ditangguhkan, padahal saya tidak macam macam di media social instagram."
Johan Johan,2024-09-29 10:20:34,Nice
Rizky Akbar,2024-09-29 10:19:26,Bagus sih tapi bisa bikin memori penuh
Dewi Mulyasarii,2024-09-29 10:18:37,"KENAPAA ARSIP STORY IG DIHAPUS WOYY, PADAHAL ADA BANYA KENANGAN DISITUğŸ˜¡ğŸ˜¡ğŸ˜¡"
Felisya salsabila,2024-09-29 10:17:47,"ga guna, mau simpen moment di arsip trs malah jdi ilang?? mndng hapus ni apk gajelas!"
Ari Awan,2024-09-29 10:12:24,ğŸ‘ğŸ‘ğŸ‘ğŸ‘
bussid youtube,2024-09-29 10:12:23,"ğ•µğ–†ğ–“ğ–Œğ–†ğ–“ ğ–‰ğ–ğ–‡ğ–šğ–†ğ–™ LOADINGNYA LAMA ğ–‘ğ–†ğ–Œğ–... KARENA SETIAP GW GANTI NAMA/FOTO HIGHLIGHT, PASTI LOADING NYA LAMA! jadi.. Tolong di percepatkan ya.. DAN JUGA JANGAN HAPUS AKUN SEMBARANGAN LALU SURUH KIRIM FOTO KTP, NAKSIR YAH?? ğŸ˜ƒğŸ˜ƒğŸ”ªğŸ”ª"
Muhammad Refian,2024-09-29 10:08:27,mReFian
Fahri Muhammad,2024-09-29 10:07:16,asik bolak balik login akun
Nida Herlina,2024-09-29 10:06:23,semoga di acc amiin
Aluna Anindita,2024-09-29 10:05:26,"Bagus, Jangan sampai fitur arsip nya hilang karna jikq menghilang maka banyak orng yg tidak minat"
Aldf,2024-09-29 10:04:34,gak bisa login asu
Azril,2024-09-29 10:03:11,Good
Muhammad Yusuf,2024-09-29 10:02:21,"Saya berharap yang sudah ikut berpartisipasi dalam kegiatan yang ada di Face book, saya ucapkan banyak terima kasih atas dukungan anda, semoga Allah SWT. Memberikan kesehatan dan tetap semangat, dimudahkan rizkinya."
Branta Dzul Pratama,2024-09-29 10:02:06,Mantap
Yeyen Yeni,2024-09-29 10:02:01,Bisa ngliat pacar
Nadia 17,2024-09-29 09:54:04,waw
dimas pamungkas,2024-09-29 09:53:42,Menyenangkan untuk aktualisasi
Dini Handayani,2024-09-29 09:53:15,Saya kasih bintang 5 tapi jangan hilangkan fitur archive pleaseğŸ˜­
Ataya Nabil,2024-09-29 09:52:42,KEMBALIKAN FITUR FLIPSIDE DAN JANGAN HILANGKAN ARSIP
Redemtus Ardini Guntara,2024-09-29 09:51:27,Good
Budi Sukendro,2024-09-29 09:49:37,Bagus...
Ta Hta,2024-09-29 09:48:38,Cukup baik tpi sayang akun sya GA bisa siaran langsung
Dimax Syahputra,2024-09-29 09:47:21,Tolong update aplikasi Ig bug ngeri kli
I am,2024-09-29 09:47:02,Ini kok gak bisa terus ya? Tolong segera perbaiki. Karena banyak perlunya saya di akun Instagram ini... Saya ada janji pertemuan jadi ombang ambing bakal gagal seperti ini... Mohon secepatnya diperbaiki
monicamahmudi,2024-09-29 09:46:26,Ok
Supinah Adinda,2024-09-29 09:45:45,bagus
syaifudin34 Airud,2024-09-29 09:44:56,The best aplication extremm good
Nase Nase,2024-09-29 09:44:19,MantappppğŸ‘ğŸ‘ğŸ‘ğŸ‘ğŸ‘
tholol,2024-09-29 09:44:16,"tolong jangan hapus fitur arsip di aplikasi ini, karna fitur ini sangat berguna untuk menyimpan momenÂ² berharga, tolong jangan dihapus wahai pihak instagram !!!!!!!!!!!!!!!"
Devlyn Al mugni hermawan,2024-09-29 09:44:15,Menarik
Cristian Cristian,2024-09-29 09:43:36,Gaul sj
Surono Ardin,2024-09-29 09:40:51,Aplikasi ini sangat bagus
Rama Zakir,2024-09-29 09:40:20,don't let the archive feature be removed. thank you
khaerul,2024-09-29 09:35:30,Wow
Hafiyyan Ahmad,2024-09-29 09:34:27,bagus
Septi Adawiyah,2024-09-29 09:32:55,Intagram yang benar saja ada rencan story arship mau di hapus itu aku gak setuju orang orang pada cape upload di story ngabisin kuota eh malah mau dihapus aku gak setuju
Khayyirah Hisanahh,2024-09-29 09:30:15,tolonggg di hp akuuu belum bisa update instagram
adinda Putri,2024-09-29 09:29:35,Bgus
Lielyy Lestari,2024-09-29 09:28:57,"Sangat buruk, aplikasi tidak mau muncul d layar utama"
terry,2024-09-29 09:28:55,bagus
Revan Geleng,2024-09-29 09:28:31,Pokok nya in apk Sangat baik
Par Mit,2024-09-29 09:26:38,ğŸ˜˜ğŸ˜˜ğŸ˜˜ğŸ˜˜ğŸ˜˜ğŸ˜˜ğŸ˜˜
Amar Sarif,2024-09-29 09:26:29,Bagus untuk foto
Mahreen Almahyra,2024-09-29 09:25:12,"don't lose the archive, it is very important for us"
Arif Ramsey,2024-09-29 09:23:03,very enjoy
Andin Amelia,2024-09-29 09:22:40,Ok baik
Nay Khoirunnisa,2024-09-29 09:20:54,Aplikasi ini bagus dan filter nya juga keren
Rifqi Aji Pradana,2024-09-29 09:18:41,"Mau hapus postingan aja gabisa, aplikasi gajelas"
Pales Tina,2024-09-29 09:17:42,Aplikasi ini sangat mengagumkan ğŸ¤³ğŸ»ğŸ˜˜
Khanza Salsabrina,2024-09-29 09:17:15,Karena fitur arsip dihapus membuat saya sedih
Rayana Salsabila,2024-09-29 09:15:06,Tolong benerin lagi kenapa kalau aku ngedonlod ini bisa tapi kenapa malah masukin nya susah
Ziko Alfariz,2024-09-29 09:09:49,knapa gk bisa login ya??
Chilfa rizki azzha,2024-09-29 09:08:56,tolong perbaiki kadang ngebug
ARDYE STORY,2024-09-29 09:08:40,sangat berguna itu saya
Sekar Novegia,2024-09-29 09:06:08,BagusğŸ‘ğŸ‘ğŸ‘
Jon Jon,2024-09-29 09:04:24,Aplikasi ini sangat berguna untuk Menghibur dan ada filter cantik nya
Yaya Yaya,2024-09-29 08:58:48,"Biasanya instagram saya baik-baik saja. Tapi sekarang sering bgt kena bug, tiba"" aku hilang atau keluar sendiri. Bbrp fitur juga ilang seperti ""undang kolaborator"" dll, pdhl saya sudah update. Tolong segera bantu perbaiki bug dan semua kesalahannya serta kembalikan fitur-fitur yg hilang ğŸ™âœ¨"
Keysa cantik,2024-09-29 08:52:32,Sngat bagus
Nafacantik Nafa,2024-09-29 08:49:07,aplikasi nya mudah di pakai
Joko Siswanto,2024-09-29 08:48:53,Sangat membantu
Aditya Triatmoko,2024-09-29 08:48:17,Banyak bug
Syafira Oktaviani,2024-09-29 08:46:24,"please don't delete their story archive, there are even a lot of people who have created accounts again to save their story archive, I'm sure later if they really delete their story archive many people don't want to use it anymore, so please don't, many use the caption â€œInstagram seconds before going brokeâ€ with posts about their story archive"
Ravael 123,2024-09-29 08:39:40,good
Raihan Jait,2024-09-29 08:37:19,b aja
Medinaa Shafa,2024-09-29 08:36:48,ğŸ¤©ğŸ˜
muhsinin ppg,2024-09-29 08:34:54,Mantap
Darren Reynard,2024-09-29 08:27:50,wadalah cih lbh suka buka ig drpd tt
Abdul Hafid,2024-09-29 08:23:14,Sangat puasss....
Bintang Akun 1 (Tenngg__),2024-09-29 08:22:01,Dikasih bintang 5 kalo fitur arsip gajadi dihapus
Momski Dennisian,2024-09-29 08:20:42,JANGAN HILANGIN FITUR ARSIP!!!
Saragosa,2024-09-29 08:20:36,"instagramku eror ,sandi dan Emile benarbtapi tidak bisa di bukağŸ˜­ğŸ˜­"
nugroho jho,2024-09-29 08:15:30,"Sejauh ini, ini yg paling jauh"
Khaeyla Nasyifa,2024-09-29 08:15:08,"tolong banget Instagram, akun aku kok dinonaktifkanğŸ˜”ğŸ˜”, tolong aktifkan lagiğŸ™"
yuli Astuti,2024-09-29 08:14:29,Bagus
Septa Ardiyanto,2024-09-29 08:11:42,Cara setting biar bisa upload lebih dari 10 foto ke feed gimana? Udah di perbarui tetep aja maksimal 10
Bintang Pratama,2024-09-29 08:10:12,"Dear Instagram, you should add feature for delete all of the bookmarked posts because it getting annoying to unbookmarked all these pent up old posts, thx you, hope this feature installed in the next update then i will revised the star rating."
Canda nnfi,2024-09-29 08:09:05,"WOI NI AKU KASI BINTANG 5 BUAT INSTAGRAM TERCINTA, PLIS PLIS JANGAN HILANGIN FITUR ARSIP NYA DONGG :(( LOVE U"
Dany Ahmad,2024-09-29 08:08:30,Saya ksh dlu bintang 4 baru nyoba.
Mulya Rizqie,2024-09-29 08:07:14,Terima kasih
Syifa Amanda Azalia,2024-09-29 08:04:45,baguss nemenin segala mood kuğŸ’—ğŸ¤©
Sumiati Aja,2024-09-29 08:00:09,Siiiip
lisman jogan,2024-09-29 07:57:15,Sangat bagus
Fadilla Ayuningtyas,2024-09-29 07:55:32,Please bring back the flip feature and don't remove the archive feature ğŸ˜­ğŸ™
Jasmine Azzahra,2024-09-29 07:51:53,Makshi semua
andre maulana ibrahim,2024-09-29 07:45:44,Good
Dheya Fira Yuliana,2024-09-29 07:43:01,"GUA KASIH RATE 5 TAPI PLS, arsip jangan di ilangin minnn. semua kenangan gua ada di sana, lu ngilangin gua kasih bintang satu luğŸ˜¡"
Shifa Gunanti,2024-09-29 07:35:58,ğŸ‘‰ğŸ»ğŸ‘ŒğŸ»ğŸ’¦ ah ah
Yuliana Delvan VL,2024-09-29 07:32:40,Keren
Selamat Riadi,2024-09-29 07:28:34,mantap saya suka
Nece,2024-09-29 07:22:20,Baik
ra rara,2024-09-29 07:19:10,bagus gacor
bayu Rengiwur,2024-09-29 07:17:57,Eee tolong instagram kalau apdet baru jgn ilangin asripan yaa Soalnya Bnyak kenangan di astip story
Agy espn,2024-09-29 07:16:09,"Aplikasi bobrok mau set ulang kata sandi malah ga bisa, gimana ini meta"
Fadia Azzahra,2024-09-29 07:13:48,"Tolong untuk fitur-fitur terbarunya, diratakan untuk semua akun, soalnya akun utama saya tidak ada fitur-fitur terbaru dari instagram, namun akun second saya ada. Terimkasih"
Mangga Manggis,2024-09-29 07:12:56,Aplikasi ini sangat bagus saya suka dengan aplikasi ini
ku Li,2024-09-29 07:11:38,Solawt mmbw kt damai
Aidan Kalani,2024-09-29 07:09:55,mantep
Gusdiv (Zlatan),2024-09-29 07:07:04,Aplikasi sampah ga bisa bikin akun baru
Zidan Nur ramadhan,2024-09-29 07:06:24,mantp
Meta Lestari,2024-09-29 07:04:48,"Mohon bantuannya Hp lama Hilang tidak bisa mengakses nya untuk bisa LOG in Akun ,Sudah Sebulan lebih saya mengajukan keluhan belum ada Perubahan,mohon bantuannya Terimakasih"
Sinthya Aprilia Putri,2024-09-29 07:04:48,pengalaman yg bagus !
Hamimah Rahmidani,2024-09-29 07:03:02,"kenapa instagram saya tidak ada fitur update ny, pdhal saya mau update instagram versi baru ny, skrng saya masih memakai versi lama ny Sudah lama saya masih memakai versi lama ny"
Fery Baja,2024-09-29 07:00:33,jangan hapus arsip woy
Nur Aini,2024-09-29 06:59:46,Bagus kok
fijiatun 09,2024-09-29 06:57:20,instagram saya suka karena bisa foto
Aqeela lediza,2024-09-29 06:56:43,Kok gk bisa live
anandi Jaya,2024-09-29 06:56:40,Top
Renaldo Gebok,2024-09-29 06:52:48,Bagus
nesa putri,2024-09-29 06:52:44,Tolong aplikasi instagram saya tidak bisa di pakek
Kurnia aiz,2024-09-29 06:47:19,"AKUN INSTAGRAM dengan password yang BENAR, kenapa tidak bisa Log in di satu unit gadget, kondisi sudah upgrade aplikasi. PADAHAL, log in di website laptop bisa, di HP yang lain pun bisa. Mohon solusinya. Terima kasih."
Ami Amarul,2024-09-29 06:45:57,ğŸ‘
Novi Aulia,2024-09-29 06:45:52,"PLEASE, JANGAN HAPUS ARCHIVE!!!"
M Fadli Irhamdani,2024-09-29 06:45:18,Tolong force close di aplikasi ini jangan ganggu ya
Insan isslamay Qirani,2024-09-29 06:44:44,"suka bngettt, tapi tolong deh instagram peerimbangin lagi klo mau ilangin fitur arsip, soalnya disitu bnyak kenangan bngett sama temen' lamaa, klo arsip d apus otomatis semua kenagan juga ilangg, pliss tolong pertimbangin lagi yaağŸ¥ºğŸ™"
Senandung Putri,2024-09-29 06:39:51,Kok blm bisa uploud 20 pict kayak yg lain
muhammadsyakir Ramadhan,2024-09-29 06:37:26,Asik
Mali Yanto,2024-09-29 06:36:52,Kenapa ya ga bisa live
Indriani Pratiwi,2024-09-29 06:36:37,maaf aku bintang satu Karana setiap aku buka Ig pasti ngelek hp ku ğŸ—¿ğŸ—¿
Delisa Khanza,2024-09-29 06:34:59,Ini keren si
Raditt Jhon,2024-09-29 06:29:11,Goood
Ribka Waney,2024-09-29 06:29:07,do not remove the archive feature !
Gilang Kuray,2024-09-29 06:28:56,Nice
Why me Monster,2024-09-29 06:28:52,Banyak pengalaman yang saya ambil dari instagram
Efra Bramasta,2024-09-29 06:27:16,Keren lh
Piyann,2024-09-29 06:19:12,Aplikasi nya bagus bangetğŸ˜
Chellyn Wijaya,2024-09-29 06:17:04,Ok
Mhmd Opik,2024-09-29 06:16:48,"sangat puas dengan pitur"" nya"
Calvin Joevander,2024-09-29 06:16:22,"ğˆğ§ğ¬ğ­ğšğ ğ«ğšğ¦ ğ­ğ¨ğ¥ğ¨ğ§ğ  ğ²ğšğ¡ ğ¦ğ¢ğ¬ğšğ¥ ğ§ğ¢ğ¡ ğšğ¤ğ® ğšğ©ğ®ğ¬ ğ¢ğ  ğšğ¤ğ®ğ§ ğ§ğ²ğš ğ­ğ¨ğ¥ğ¨ğ§ğ  ğğ¢ ğ¢ğ¥ğšğ§ğ ğ¢ğ§, ğ­ğšğ©ğ¢ ğ¤ğšğ¥ğ¨ ğğ¨ğ°ğ¥ğ¨ğšğ ğ¢ğ  ğ¥ğšğ ğ¢ ğšğ¤ğ®ğ§ğ§ğ²ğš ğ¦ğ®ğ§ğœğ®ğ¥. ğˆğ­ğ® ğšğ£ğš ğ¬ğ¢ğ¡ ğ²ğ  ğ¬ğšğ²ğš ğ¢ğ§ğ ğ¢ğ§ğ¤ğšğ§ ğ¬ğšğ²ğš ğ›ğğ«ğ¢ ğ›ğ¢ğ§ğ­ğšğ§ğ  ğŸ’ ğğ®ğ¥ğ® ğ§ğšğ§ğ­ğ¢ ğ¤ğšğ¥ğ¨ ğğšğ¡ ğğ¢ ğ­ğ®ğ«ğ®ğ­ğ¢ğ§ ğ©ğğ«ğ¦ğ¢ğ§ğ­ğšğšğ§ ğ¬ğ²ğš ğ¬ğšğ²ğš ğ¤ğšğ¬ğ¢ğ¡ ğ›ğ¢ğ§ğ­ğšğ§ğ  ğŸ“"
irhas Maulana,2024-09-29 06:16:09,Bagus
hutami suraida fatma,2024-09-29 06:16:09,mlss main ig lagi kalo sampe archive beneran dihapus
Fiki Fais,2024-09-29 06:16:06,Wauuuu
Era Gaming,2024-09-29 06:16:03,Sangat baikğŸ‘Œ
Missquen Subs,2024-09-29 06:15:18,Kenapa pas saya daftar.saya masukin nomer wa saya.trs saya pencet selanjutnya.malah ga bisa??
SELENA Hoki,2024-09-29 06:14:36,gak bisa pake lagu
Nur Zrsi,2024-09-29 06:08:24,apl joss
Ahmad Alwi,2024-09-29 06:07:24,serunya berbagi cerita pengalamannya.
violetta,2024-09-29 06:05:55,"sebenarnya suka banget sama ig, cmn minusnya itu arsip lama di ig mulai di ilangin"
Siska Elda,2024-09-29 06:03:55,Karena banyak iklan
Nanamulyana Nana,2024-09-29 06:03:08,Mantap
Azmia Wandira,2024-09-29 06:02:26,Kmu nanya
dian ramadhina,2024-09-29 06:01:40,"menurut saya aplikasi instagram yang paling banyak peminat di banding apk lainnya, IG juga semakin lama semakin banyak fitur terbarunya, tapi please untuk berita bakal hilang nya fitur archive mnurutku sangat tidak bisa diterima semua orang. karena adanya fitur archive mereka(termasuk saya sendiri) bisa melihat kembali kenangan yg ada disana. SOO PLEASE JANGAN DIHILANGIN PLEASE ğŸ˜¥ğŸ˜¥ğŸ™ğŸ™ karena nantinya juga bakalan berkurang penggunanya. semoga dipertimbangkan lagi sebelum mengambil keputusan"
Nadhirotul Arini,2024-09-29 06:01:03,plis jangan hapus arsipan di instagram:)
Ando Dahoklory,2024-09-29 05:59:09,ğŸ‘
susan sitania,2024-09-29 05:57:06,Ada beberapa yang tidak bisa di follow
Mama Bapak,2024-09-29 05:56:42,nice
wandi12,2024-09-29 05:55:35,Sangat Bagus
Arafa Darulfitrah,2024-09-29 05:54:42,Wah aku suka harus juara 0 ini
Nanda sari Nanda sari,2024-09-29 05:54:26,Keren
Gege Art Studio,2024-09-29 05:53:57,Luar biasaaa
m hafidz aflah,2024-09-29 05:53:14,Saya tidak bisa berkataÂ² karna aplikasi ini sangat bagus
Dimas Febrian,2024-09-29 05:50:08,Sangat baik di gunakan
Lutfi Alhusein,2024-09-29 05:49:31,saya tidak bisa mereset kata sandi saya
Pojan Muhammad pojan,2024-09-29 05:42:48,Di sini aku dapat mengenal org dan temanÂ² yg asik
Tinzi,2024-09-29 05:40:47,"Aplikasi sampah, semua akun facebook di tangguhkan, malah kena dengan akun IG juga, bangsattt asuu !!!!!"
ravel putra,2024-09-29 05:39:34,Baguuu bangettt
Andi Turkandi,2024-09-29 05:35:38,Sangat membantu .
Naufal Akram,2024-09-29 05:29:26,says susah me dapat viewer
Rheina Wijayanti,2024-09-29 05:28:07,"sebenernya bagus si tapi sekarang sering ngeleg ngeleg gajelas gabisa di buka, akun suka hilang dll. kalo bisa si di benerin ya bikin susah orang yg pake"
Ahmad Ihsan,2024-09-29 05:27:36,"Aturan tak jelas, tak bisa banding...arogan. seperti dinasti Dajjal di Indonesia, tak jelas"
alissa putri,2024-09-29 05:27:36,Saya suka
Aliya Zalfa Kusuma,2024-09-29 05:26:31,Kereeem
Jihan Kamilah Yumna,2024-09-29 05:24:37,Tidak bisa login akun ataupun membuat akun baru
Enny Elisabeth,2024-09-29 05:23:57,Bagus
Azka Ridha,2024-09-29 05:23:43,Dibuka susah bgt heran
dewicandra1012,2024-09-29 05:23:38,jangan hilangkan fitur arsip.
Sinom Sena,2024-09-29 05:20:05,Pas mau bikin akun bermasalah mulu
Ayang Simdoh,2024-09-29 05:19:57,Mantapp
Darus Cr7,2024-09-29 05:19:29,Superr
Abdulhanif Ramadhani,2024-09-29 05:18:32,ğŸ‘
naves,2024-09-29 05:18:20,jelek kocak fitur arsipnye jgn diilangin. alay lu ah
sheerio,2024-09-29 05:14:50,Please Insta don't delete the archive fiture that's all I got when I'm miss my close friend:(
Widi Muhtar,2024-09-29 05:07:00,I like
Marno Sabin,2024-09-29 05:04:42,Karena tidak bisa login padahal dah bener
Niel B,2024-09-29 05:03:34,Terbaik lah
stevenfirman 26,2024-09-29 05:00:36,"Hallo, kenapa ya akun saya gabisa follow orang lain?"
Vega Nabilla Annia,2024-09-29 04:57:22,"Tolong dong jangan di ilangin arsipnya,kan banyak kenangan,sekarang cuman tinggal foto yang bug doang,jadi ga nyaman setelah Ig arsipnya di ilangin."
Sugeng Kiswanto,2024-09-29 04:57:11,Pas aku mau download lagi kok malah ke akun kakak aku pas aku masuk
nunde run,2024-09-29 04:54:57,"Fiturnya udah bagus tapi,tolong Pada saat nge-post itu durasinya lagunya jangan di Converse,dan jangan di potong..jadinya kurang bagus.. Itu aja..dan efeknya juga bisa diatur agar terlihat lebih bagus..terutama untuk video"
Safrizal Rizal,2024-09-29 04:53:52,Good
Jujun Hermawan,2024-09-29 04:49:11,Mantap
L Barra,2024-09-29 04:47:50,"Tolong vitur catatan di perbaiki , dulu bisa membagikan lagu sekarang tidak bisa sama sekali"
Riha Datul,2024-09-29 04:47:50,"Selamat tinggal instagram setelah hilangnya fitur arsip mendingan hilangin aja instagramnya sekalian, daripada fitur arsip yg di hilangin mendingan treads aja yg di hapus kebanyakan sosmed"
Arniza Diwangkara,2024-09-29 04:40:16,DO NOT DELETE INSTAGRAM ARCHIVE SYSTEM
Syaqila Aisyah,2024-09-29 04:37:15,Asli ig bikin bagus bgt gw ksh bintang 5 the best
Tati Hartati,2024-09-29 04:36:41,Bagus aplikasinya
Dwi Prihatini,2024-09-29 04:35:38,Kenapaa Instagram jadii kaya gini sihhâ˜¹ï¸â˜¹ï¸
CHANEL PIKASEURIEUN,2024-09-29 04:32:36,jos
Moch Maksan,2024-09-29 04:30:28,Puas
Zia Fatwa,2024-09-29 04:29:56,PLIS DONGGGGG JANGAN HAPUSSSS FITURRRRRR ARSIPPPPPPPPPP ITU PENTING BANGET BUAT KENANG KENANGAN!!!!!!!!
Yumna Kirana,2024-09-29 04:20:31,Bagus dan cute
Muhammad Ihzagi muliawan,2024-09-29 04:17:01,Banyak bug bro
salma dear,2024-09-29 04:15:51,ARSIP JANGAN DI HAPUS DONG :((
Rita April,2024-09-29 04:14:54,bagus
Agnes Mutiara,2024-09-29 04:14:45,males fitur archive ig di hps kn
Muhammad Okky,2024-09-29 04:12:20,Good
sopi badriatul,2024-09-29 04:09:40,miaw sekali
Roman hijas Yudista,2024-09-29 04:09:13,Bagus
Zulniadi Putra,2024-09-29 04:08:16,ğŸ˜±ğŸŒ¹ğŸŒ¹ğŸ‘
Syakira Naura,2024-09-29 04:07:38,bgus
Aldi Muhammad aldi,2024-09-29 04:07:22,Bagus
Fitri Mocca,2024-09-29 04:07:14,Okk
Supri Yanto,2024-09-29 04:03:49,Mantap
Nur syifa Ramadhini,2024-09-29 04:00:26,worth
Mami Nita,2024-09-29 04:00:02,Memudahkan dalam segala hal
Suparti Fina,2024-09-29 03:57:27,"Aplikasi ny sangat bagus Tapi kadangÂ²buat saya bingung karena sering ngeleg gitu,tapi lama kelamaan biasa dan bagus banget Saya donload ig cuman buat foto aja.dan filternya juga bagusÂ²swmua"
Putra cbr,2024-09-29 03:57:00,Bagus sekali
Irsyad farel,2024-09-29 03:56:44,Ya bagus
ivan balipurna,2024-09-29 03:55:40,Sangat bagus untuk berbagi pengalaman
iqbal 1120,2024-09-29 03:53:33,Begitulah
Abanx Safa,2024-09-29 03:50:13,Like
Fsaahd Fadilaha,2024-09-29 03:48:49,berasa kyk bener bener gen z ğŸ˜ğŸ˜ğŸ˜
Rani Septauly Simanullang,2024-09-29 03:48:35,good
Jem Lawai,2024-09-29 03:43:19,SGT bgus sih menurut saya
Wehelmina tualaka,2024-09-29 03:42:30,Sangat bagus
Erlan Hermana,2024-09-29 03:33:17,Bagus
Eni Rohmawati,2024-09-29 03:29:57,Bagus untuk nyimpen postingan
Su Santy,2024-09-29 03:28:15,Jangan hapus fitur arsip stori plissssssss
Faris Botak,2024-09-29 03:26:20,ğ¾ğ‘œğ‘›ğ‘¡ğ‘œğ‘™ ğ‘—ğ‘’ğ‘™ğ‘’ğ‘˜ ğ‘ ğ‘’ğ‘šğ‘¢ğ‘ ğ‘“ğ‘–ğ‘¡ğ‘¢ğ‘Ÿğ‘›ğ‘¦ğ‘
Adam 10,2024-09-29 03:25:40,Tolong kenapa kamera nya hitam (black screen)
Tondy Effendi,2024-09-29 03:24:50,ğŸ‘
sarli adek,2024-09-29 03:23:58,Mantap ğŸ‘
alika izzatunufuus,2024-09-29 03:21:45,Baguss apk nya
Azuma Fela Sufa,2024-09-29 03:18:21,kurang update di font
Pengguna Google,2024-09-29 03:18:16,"Ini klo bisa dikasi bintang 0 gw kasi bintang 0 deh , gajelas bget ngirim kode nunggu SMS 24 jam tpi ga dikirim kirim smpe 3 hari , trs ke susben gajelas SG ga ngandung apa apa ke ban wth , tolong dong ini pusat ngadu nya dmn ya"
Kim Myeongra,2024-09-29 03:17:46,Bagus
Haji Aim,2024-09-29 03:17:45,mantap trmksihğŸ‘ğŸ‘
stevany carter wuwung,2024-09-29 03:16:00,Good
Al Hisyam,2024-09-29 03:14:34,Bagus
Fitri Goran,2024-09-29 03:13:28,Saya sangat menyukai apk ini Alasanku adalah:karna kita bisa memulai memosting hal-hal baru tentang kita maupun orang lain yg kita idolkan Dan dengan postingan itu kita mendapatkan pengikut baruğŸ˜Š
Al Barak,2024-09-29 03:06:36,Gw kasih Bintang satu aja masih mikir
Dika Elek,2024-09-29 03:06:02,Benak no co akun ku ilang bosss
Najwa Nurul Salsabilah,2024-09-29 03:04:56,"plis kembalikan fitur arsip, arsip sudah banyak yg hilangğŸ¥¹ğŸ¥¹"
Batan Biu,2024-09-29 03:03:58,Gak ada unik nya orang udah semangat buat balik ke ig gak bisa jadi emosi gak suka lagi aku sama ig
Nur Hasan (Tongcahya),2024-09-29 03:03:57,Ok
Ryan Saputra,2024-09-29 03:03:32,Sangat membantu
MayaSari Rantau,2024-09-29 03:00:04,Saya kasi bintang â­5 ya
Chaerul Arifin,2024-09-29 02:55:41,Top markotob
Banteng Merah,2024-09-29 02:52:42,kereen
Risma Auliani Icha,2024-09-29 02:42:53,"For Instagram, From We are your users .Please don't delete the archive feature. Because it is very useful for you, just delete other features but don't delete the archive, please. Jangan hapus dong fitur arsipnya Disitu banyak banget kenangan nya ."
Ilmi Sri hayati,2024-09-29 02:39:53,eror sih gk bisa mengikuti orang dan gk bisa menyukai sih eror sih gk mau mengikuti orang sih kayak eror buangetttt tolong diperbaiki
Dewa alit abimanyu,2024-09-29 02:38:40,Aplikasi ngebug tidak bisa dibuka
Sari Kurnia,2024-09-29 02:35:47,Filter nya GK muncul muncul udh coba cara apapun
Putri Inaya Faturohma,2024-09-29 02:33:46,Saya bisa membagikan cerita saya
diego armando,2024-09-29 02:27:56,keren lu gitu?? sampeÂ² fitur arsip mau di hilangin??!!
Linda Dasinapa,2024-09-29 02:27:55,sangat bagus
Armin Fane,2024-09-29 02:25:58,Tetap konsisten
Aina Nur,2024-09-29 02:25:16,"Gatau males, udah di up berkali"" kok ga bisa mutar vidio Ky biasanya pdhl jaringan lancar memori penyimpanan juga masi banyak.."
Nur Siti,2024-09-29 02:22:02,Good
Ahmad Fadhillah Fasha,2024-09-29 02:20:09,JANGAN HILANGKAN ARSIP STORY
Kasta Jagur,2024-09-29 02:20:08,Karena bagus banget kamera
Marcelinusricho Yuniaz,2024-09-29 02:19:53,ig saya tidak bisa di buka
Reza Amelia,2024-09-29 02:19:33,"baguss bangett, bisa nyimpen moment bareng keluarga dan teman teman ğŸ¥° terimakasih Instagram ğŸ’—"
Anisa Fatin,2024-09-29 02:06:47,Tbtb akun gua ilang ini kenapa woy akun gua gabisa ğŸ˜¡ğŸ˜¡
tina tania,2024-09-29 02:05:58,"plissssss don't delete archive photos, they are important for us to remember the events that we have documented on Instagram. I would change my rating on this app if the archive feature was maintained"
22 Nirvana Ri Sinduwarddhani,2024-09-29 02:02:02,Tolonggg balikkan 2 akun ig saya yang ditangguhkan. Padahal 2 akun saya itu gak macamÂ² loh kontennya sebab untuk kepentingan bekerja. Tapi kenapa ditangguhkan sudah hampir semingguan ini dan belum balik? Tolong kebijakannya.
Erika Gea,2024-09-29 02:01:36,sejauh ini mantap
Rio Japan,2024-09-29 02:01:04,Bug nya bnyak
Tamrin Puring,2024-09-29 02:01:00,Belum pengelam
Alfred Tulung,2024-09-29 01:58:23,Lambat
rachael jennifer,2024-09-29 01:57:51,Josss
Rival Aprian,2024-09-29 01:57:49,Karna mau APUS archive jadi bintang 1 yakk
rahmat herdianto,2024-09-29 01:57:34,Nice
Nadhif Alfayyaz,2024-09-29 01:54:27,Kenapa akun Ig saya gak mau login.sama membuat akun baru juga gak bisa
Ilham chandra muarifin,2024-09-29 01:51:57,Top
Emak Zatarya,2024-09-29 01:49:19,Buat konten
Aulia Mila,2024-09-29 01:46:53,"terlalu banyak pembaruan tidak masuk akal, sampai2 active vidio banyak yg di hapuss , lebih baik beralih ke akun sosial media lain selain meta"
hanif Firas biruni,2024-09-29 01:44:21,terima kasih developer sudah membuat instagram ini semangat terus developer salam untuk keluarga
Neffex Baller,2024-09-29 01:44:06,"UPDATE MULUğŸ¤¬ğŸ˜¡PENDUKUNG GENOSIDA,BUG MULU APLIKASI BANGKE KAU ğŸ’©ğŸ’©ğŸ’©ğŸ’©"
Park Shin,2024-09-29 01:43:20,"Hai instagram, tolong pulihkan aku instagram saya kembali.. kemarin sya kaget aku saya tiba2 ditangguhkan dan saya udah aku banding. tolong dikembalikan akun IG saya, saya gak mau akun IG saya hilang krn semua foto dan video saya hny saya simpan/post di IG."
Annisa Nisa,2024-09-29 01:42:48,Bodoh niyan
Jastin Michael,2024-09-29 01:41:26,buriq
CallmeTansaAjee,2024-09-29 01:40:56,Luar biasa
Ameera Arsyfa,2024-09-29 01:39:28,bagus sekali
Fahra Sayidatina,2024-09-29 01:38:05,"gua kasi bintang 5, tapi fitur arsip jgn di hapus, banyak berbagai kenangan, dan setiap orang pasti punya kenangannya masing masing, kalo sampe fitur arsip di hapus, berarti apk ig jahat karna sudah menghilangkan kenangan mereka, mending ngurusin fitur yg lain"
Pirank Nee,2024-09-29 01:37:39,Dari sini kita dapat banyak pelajaran tentang hidup
Ridho tampan nan pemberani,2024-09-29 01:36:21,"Apaan sih fitur arsip malah diilangin,gua download Instagram itu gunanya juga buat nyimpen kenangan,lama lama muak gua"
Hanzzz,2024-09-29 01:35:39,Ebak
Vania Eka Maula,2024-09-29 01:31:31,bagus
Nurul Fadilah,2024-09-29 01:28:22,"Arcsive nya jangan di hpus lh, mending treads aja yg di hpus"
Evha Vania,2024-09-29 01:23:16,"The apk is not clear, it's getting here and there, when will the archive be deleted? Doesn't it make sense, is this what is called a photo memory dedication apk? Damn all of you, especially meta dogs!!!!"
Sit Aisyah,2024-09-29 01:20:54,bagus sekali aku kasih bintang 5ğŸ˜ğŸ˜
Aji Krisnawan,2024-09-29 01:20:29,please don't remove archive because i have a lot memories in there
Nyayu Al syifa Nyayu syifa,2024-09-29 01:18:04,bagus tapi syg bgt kenapa buat fitur flipside nya di hapus :( trs saranin arsip flipside sm arsip public di bedain gituuuu ğŸ˜–ğŸ¤ŒğŸ»
Ririn Januardah,2024-09-29 01:17:36,Sangat bagus
enggar toped,2024-09-29 01:17:32,Mantab
FATHIYA NURUL KHARISMA AWALUDIN,2024-09-29 01:17:26,MENGAPA SEHABIS SAYA UPDATE DAN TETAP TIDAK BISA MERASAKAN FITUR BARU IG? YANG MUSIK BENTUKNYA BULET
ilmaww,2024-09-29 01:15:20,jangan hilangin fitur arsip
Indra Tatik,2024-09-29 01:15:16,Semoga sukses Bravo Kodam v Brawijaya Tetap semangat
Haji Soetrisno,2024-09-29 01:14:08,Mantap.keren.
Rico,2024-09-29 01:13:28,Instagram anjink
Siti Hafsah,2024-09-29 01:11:54,arsipan ig nya gausah di ilangin ya minn
Annisa fitri Septia,2024-09-29 01:09:29,saya kasi bingang 5 tapi plis fitur arsip jangan di hilangkan ya
bety bengkel,2024-09-29 01:09:02,Mantap
Nur Qolby,2024-09-29 01:08:41,KEMBALIKAN ARSIPKU!
Muhammad Risky,2024-09-29 01:08:39,sangat baguss saya ga bisa daftar
Evi Yuhanni Harahap,2024-09-29 01:06:35,jlek
Resti Sari,2024-09-29 01:05:06,"Instagram ini emng beda ya audio/suaranya sangat kecil dari aplikasi yang lain seperti threads dsb. Padahal volume sudah besar, Tolong perbaiki"
99 SERVICE CENTER HP,2024-09-29 00:56:41,Luar biasa sangat membantu dan okee banget
Fila Aulia,2024-09-29 00:56:23,please jangan hapus arsipğŸ™ğŸ™
Andreas Julianto,2024-09-29 00:47:27,sangat cocok
Dafa Afipin,2024-09-29 00:46:53,Daffa
Is Kamardi,2024-09-29 00:44:18,Bagus
Baringin Simamora (Baringin),2024-09-29 00:43:32,Instagram ya bagus
Reko Reiko Chan,2024-09-29 00:42:56,"Ig jangan hilangkan fitur arsip bego, gatau seberapa gunanya ntu fitur"
Zeeray Qina,2024-09-29 00:40:15,"Hapus archive, jelek km"
Ira Mayasari,2024-09-29 00:37:17,Baguss
Gede Dana,2024-09-29 00:36:58,"Tidak bisa buat akun, lucu x ini apps"
Ferlita Putri,2024-09-29 00:34:23,Tapi boong
Anitta Marf,2024-09-29 00:28:46,Kembalikan arsip vidio
Dhea Aulia,2024-09-29 00:22:14,Please don't delete the archive feature please.
Rio Nuramajid,2024-09-29 00:19:57,goblokkkkkkkk nek dihapus ngopo diwei kaet biyen tlollllllllllllllll
Syahrial Tng,2024-09-29 00:18:27,Nyoba aja dulu
arekkulon offical,2024-09-29 00:18:12,ingin sekali melihat dunia pertemanan
Nizar Ezar,2024-09-29 00:10:11,aplikasinya bagus banget dan disini juga bisa buat video gitu jadi aku kasih ranting lima aja ya
Baby Godzilla,2024-09-29 00:07:09,Kalau EMG bner arsip story bakal diilangin Tunggu aja panen bintang 1
Danu Sadan,2024-09-28 23:58:36,NUR
Fatimatuz Zahra,2024-09-28 23:58:35,Tetap pertahankan archive karna itu sangat berguna buat kita untuk menyimpan kenangan!!!
Haji Zeny,2024-09-28 23:58:32,Semoga semakin jaya Jaya jaya
Risa Atriyani R,2024-09-28 23:56:45,jangan dihapus archive story nya sayang sama kenangannya ğŸ¥º
David Herlangga,2024-09-28 23:51:57,Okey
Tegarprabudi,2024-09-28 23:49:12,Sangat bagus
Doni Channel,2024-09-28 23:46:27,"bagusssss, tapi fitur archive ig bakalan di ilanginn yaaaa?? kalo diilangin beneran si bakalan jadi sedikit peminat ig"
Mpi Tehneng,2024-09-28 23:44:57,Karena tidak bisa di daftar kan
Ayu Zarot,2024-09-28 23:43:35,Minus bgt kalau fitur ARSIP dihapus di Instagram
adel R,2024-09-28 23:42:45,tidak bisa login
Ivan Efendi,2024-09-28 23:41:17,Saya sangat menyukai instagram
Lisa Aaa,2024-09-28 23:39:36,sangat bagusss intinya pling debest
FANESA ERBIRA,2024-09-28 23:38:08,Karna saya baik maka saya beri 5 bintang
Mul Yono,2024-09-28 23:37:28,Instagram ini sangat bagus dan ini bisa di buat fotonjuga
Raden Wijaya,2024-09-28 23:28:37,Cukup bintang yg berbicara
Nabila Navalera,2024-09-28 23:26:20,"ARCHIVE INSTAGRAM JANGAN DIHAPUS!!!! karena disitu banyak momen & kenangan, dan saya tujuan pakai instagram juga karena ada fitur archive di instagram!!"
Ani Isnaini,2024-09-28 23:22:27,Jangan hapus arsip dong... ntar kukasih bintang 5 huhuhu
Bagak Timur,2024-09-28 23:20:31,cara daftar gimanağŸ˜…ğŸ¬ğŸŒˆğŸ¬ğŸŒˆğŸ¬ğŸŒˆğŸ¬ğŸŒˆğŸ¬ğŸŒˆ
Akhmad Mad,2024-09-28 23:15:59,Malah lelet pas diupgret
Khamid Fauzin,2024-09-28 23:10:22,Iki on nanaØ­kor rido malah malai
Berry Putra,2024-09-28 23:08:58,Baus
Fifi Rahayu Andira KPI,2024-09-28 23:05:27,Please arsipan story jangan di buat ilang. Suka banget sama Ig karena bisa simpan moment berharga.
Hamdani Sirait,2024-09-28 22:59:44,Mantap
RIZKY PAUL,2024-09-28 22:57:56,1 star for deleteing archives
chayrazea 123,2024-09-28 22:55:17,"Kenapa Setiap Kirim Foto Lewat DM Selalu Blur Parah, Padahal Gambar Aslinya HD Sebelum Update Masih Bisa Diakali, Eh Sekarang Malah Ga Bisa Diakali Lagi Tolong Fix Lah Dev, Ini Sangat Mengganggu"
may sinta,2024-09-28 22:55:13,Baik
Sayid Abdullah Yahya Sayid,2024-09-28 22:53:35,Baik dan sangat memuaskan
Blablabalabalsb Eekkuijo,2024-09-28 22:48:25,Apk bgt menurutku
Abidzar Alghifari,2024-09-28 22:42:24,"Aplikasi jelek banyak bug nya,aplikasi sampah"
Dela Ardlasri,2024-09-28 22:41:56,"Don't delete archive, please!!!"
ok kios soik ok,2024-09-28 22:36:20,Instagram ini sangat bagus dibuat vidio
Jawiyah Ijau,2024-09-28 22:36:11,Yu donglod instagram ny aplikasi nya bagus lohhh
fajar pathul padhillah,2024-09-28 22:33:54,Instagram kenapa ya?? akun ig saya ditangguhkan mulu. padahal saya login sendiri diperangkat saya. Malah disuruh banding. tolong dong diperbaiki keamanannya. dan harus nunggu 3 hari akunnya setelah banding
Eliman Panjaitan,2024-09-28 22:30:16,Sangat bagus
Silvia Nuraini,2024-09-28 22:24:26,hduh malas arsip udh di kumpulin malah di hapusin
Mariana Naibanu,2024-09-28 22:22:02,Sy sangat puas
Tanti Fauziah,2024-09-28 22:17:39,Buset error dah dilaporin berbulan-bulan gak dibenerin
Donga Popy,2024-09-28 22:15:53,Om p
Niky Geraldy Alqodri,2024-09-28 22:11:35,if the archive is deleted instagram i give 1 â­ï¸
christy Mola,2024-09-28 22:09:07,Plis akun baru saya kenapa y g bisa live?
JUJU Gaming,2024-09-28 21:28:35,jelek banget gbs reply
Bila Bilal,2024-09-28 21:27:57,Wa
Ari Sugianto,2024-09-28 21:23:36,Ok
Tegar Dewangga Pradana,2024-09-28 21:21:45,Jangan sampai fitur arisp Instagram di hapus! Karena itu akan sangat membuat kami kecewa kapadamu!
Muhammad Kamal,2024-09-28 21:16:26,Instagram saya masih versi lama
Ical fank Ical,2024-09-28 21:14:41,"Saya sudah punya aplikasi ini, bisah bachet, dan juga nlf...."
Takara Oishima,2024-09-28 20:56:12,"Buat fitur hapus riwayat acount nama, bio, email please, kalau gak gausah adain fitur riwayat dulu jadi kurang nyaman sama kecewa ğŸ¥¹"
20. Kayla Putri Ramadhani,2024-09-28 20:56:06,"lelet polllll, udah dikit lgi malah ke ulang loading uploadnya"
Alfiana Sari,2024-09-28 20:41:57,Kenapa gak Thread aja yang di hapus sih?? padahal kan Archive itu penting buat pengingat memory kita!!!! ğŸ˜“ğŸ˜“ğŸ˜“
Ida Maulidya,2024-09-28 20:34:28,Plis banget jangan hapus fitur arsip lah di situ banyak foto kenang2an anak ku
imelptrrr imelptrrr,2024-09-28 20:27:52,"knpa ya story yg 2/3 hari sebelumnya tidak muncul di arsip, beneran uda ada fitur hapus arsip? aku kasi bintang 5 deh tapi plis jangan ada fitur itu rela post story di secc account biar bisa disimpen eh malah ada fitur itu, ini dpt ide dari manaaasiiiiğŸ˜­ğŸ˜­"
Kadek Hermawan,2024-09-28 20:18:17,Langsung bintang 5 sangat bagus sekali
Mus tofa,2024-09-28 20:14:40,Ig saya tidak bisa buat live
Imam Saktiana,2024-09-28 20:10:08,If you don't remove the archives feature then I'll give it 5 stars.
Sello Kembar KM,2024-09-28 20:07:49,Sosial media terbaik dan sangat membantu pengguna sosial mediağŸ™
Faleta Dina,2024-09-28 20:02:01,Tolong jangan hapus fitur arsip. Please don't remove the archive feature
Ahmadmaulana Dzikri,2024-09-28 19:57:51,yng botol katanya
udilia abi,2024-09-28 19:57:40,Bagus untuk digunakan
ASHIF JABBAR,2024-09-28 19:49:55,"Fitur arsip instagram jangan di hilangkan, karna fitur arsip instagram sangat berguna bagi para pengguna aplikasi instagram tolong fitur instagram jangan sampai di hilangkan Terima kasihğŸ™Œ"
Sad boy,2024-09-28 19:44:31,Bagus banget apk nya wkwkw
Rizky Pratama,2024-09-28 19:38:16,"Sekarang tidak bisa ngerepost tag""an temen."
Azki Azki,2024-09-28 19:32:41,Ig rusak
sandy rukmana,2024-09-28 19:29:34,Nice
Tya Marcheel,2024-09-28 19:29:20,"PLEASE don't delete ARCHIVE, there are many memories immortalized there."
Galaxy Fiksi no fiksi galaxy,2024-09-28 19:23:42,Galaxy..Fiksi.no Fiksi galay....ulqsan..bersefat.poblik..serta..menyertakan..infu..Akun..dan..perangkat..Anda....( PELAJARI..LEBIH.LANJUT) PADAHAL GALAXY...FIKSI.NOFIKSI..GALAXY..SELALO.MEMBERIKAN..PENDAPAT...DAN.NILAI..YANG.YERBAIK..MU......LIMA.BINTANG..TAPI TITAP AJA....OLASA...TIDAK.MEMBANTU.....KAMI HANYA MQU SALING.MENOLONG....Tandai..sebagai ..tidak.pantas..tandai..sebagai.....galaxy..
Abi Sanjaya,2024-09-28 19:14:54,Ihh
YUSUF IBRAHIM,2024-09-28 19:08:43,3 dulu ntar klo dah di folback baru gw balik lagi
afgan saputra,2024-09-28 18:58:21,sangat kerenn
Reza Ip,2024-09-28 18:57:16,Ngak bisa login
Yulianti Ombaier,2024-09-28 18:54:18,Aplikasi yg sangat bagus
TK Mardi Utomo 02,2024-09-28 18:39:02,"Plisslaah fitur arsip di ig jangan dihapus, karna saya sangat butuh fitur itu buat nyimpan kenangan ğŸ˜­ğŸ˜­ğŸ˜­ğŸ™ğŸ™. Kalo sampe beneran diapus aku hapus jg nih apk ğŸ˜­ğŸ™"
Asri Sea,2024-09-28 18:31:45,Bagus
Anugrah Sejati,2024-09-28 18:29:30,keren
Natasha Putri,2024-09-28 18:29:26,Sangat seruu SE x
Zeroyis Zollaq,2024-09-28 18:26:41,Adakan edit atau ganti audio pada foto postingan ğŸ™ğŸ»ğŸ™ğŸ»
Fandhi Cipit,2024-09-28 18:25:06,Instagram saya keluar sendirinya
Mananduk Butar,2024-09-28 18:21:19,Becak
Dela Pertiwi zebua,2024-09-28 18:19:15,"GA BISA KOMEN DI SG KAWAN AWAK, AWAK MAUU KOMEN DIA CANTEK TP GABISA, NNTI KALO KWAN AK POST FOTO IG LAGI TTEP GABISA AK KASIH BINTANG 0, KLO BISA AK KASIH BINTANG 5, DITUNGGU PERBAIKANNYA YA KAK"
Devi Afriliyanti,2024-09-28 18:04:29,baik
Ana Oktaviana,2024-09-28 18:03:53,Gambar kunci mendunia
Asnaju03 Asnaju03,2024-09-28 17:56:08,Sangat membantu
Pengguna Google,2024-09-28 17:51:02,Bagaimana cara memindahkan foto yang berada insight ke dalam sorotan
Muhammad Jamal,2024-09-28 17:48:32,Sangat bagusğŸ‘
Ziki algifari,2024-09-28 17:48:30,Memuaskan
Annisa Lia16,2024-09-28 17:47:43,PLISS LAH ARSIP IG JANGAN DI HAPUS DONGGğŸ˜­ğŸ˜­ğŸ˜­ğŸ˜­
Rani Muharsih,2024-09-28 17:39:34,Why I can't even post a video story
Hafis Muhamad,2024-09-28 17:38:23,goodd
Hesti Yunengsih,2024-09-28 17:38:01,Jangan diilangin fitur archive nya yaelah
AAP TUTORIAL,2024-09-28 17:37:13,Jarang buka Ig.... mudah mudahan bisa bermanfaat
Apey Kopey,2024-09-28 17:29:59,Enak
Reza Pahlevi,2024-09-28 17:26:17,"Mengapa Saya Tidak Dapat Mendownload Atau Menginstal Aplikasi Instagram, Tolong Dong Di Perbaiki"
Ibu Ku,2024-09-28 17:25:20,Keren sekarang
Abdi Rahman,2024-09-28 17:24:04,Sangat memuaskan
Arka Baihaqi,2024-09-28 17:22:56,Joz
dalbit99,2024-09-28 17:22:46,"greget bgt asli, mau bikin akun baru aja susaahhhh, mau bikin akun baru biasanya masukin username asal2an dulu di awal baru nnti pas udh jadi akunnya bisa ganti username nya, tapi ini GABISAA GAGAL TERUS ampe bingung mau ngacak nama gimana lagi"
Shintia Permata Surachman,2024-09-28 17:21:50,menolak arsip dihapusssssss!!!
Bayu risqy,2024-09-28 17:11:27,"mengapa saya tidak bisa melakukan login ke akun saya di aplikasi intagram secara langsung, saya telah memasukkan username dan password saya dengan benar, namun aplikasi intagram mengatakan saya salah memasukkan password padahal password saya sudah benar, saya mencoba login dengan password yang sama di web instagram dan itu berhasil, berbeda dengan saya melakukan login dengan aplikasinya secara langsung. bisa kah pihak instagram membantu saya, saya mohon bantuan pihak instagram"
Rendrali25 Ali,2024-09-28 17:02:21,TerbAikk
Nabila Bilaa,2024-09-28 16:58:55,ah ah
Slamet Oppo,2024-09-28 16:58:37,Kenapa sih harus hapus ff
Winda Suciagustina,2024-09-28 16:56:48,Aplikasi ini sangat keren ğŸ‘ğŸ‘
Uswatun Hasana,2024-09-28 16:55:02,Terbaik dan bagus
vivo y21,2024-09-28 16:53:24,Saya kasih bintang lima ya
Eunike s Rarang,2024-09-28 16:52:44,tolong jangan hapus fitur arsipppğŸ˜¢
Petrus Sitio,2024-09-28 16:52:07,update nya semakin tidak jelas
Ibrahim Ollonglatuconsina,2024-09-28 16:51:36,Baik
Fitri Indah fatanah,2024-09-28 16:51:20,Dengan orang yang kita sayang
Niken Tril,2024-09-28 16:51:12,"kasih bintang 1 deh kalo memang benar arsip ig nya mau di hapus, plis min gausah di hapus banyak banget kenangan disanağŸ™ğŸ» DO NOT DELETE INSTAGRAM ARCHIVES!!!!"
Addini Nur fadilah,2024-09-28 16:47:37,"Instagram lu mending balikin fitur lagu yg ada di profile deh,benci banget gw kalo udah bela belain update eh malah tambah ngajelas aja fiturnya,ada yg hilang kek,keganti lah dll,kembaliin kayak dulu lagi deh benci bgt gw!!"
Rendy Firmansyah Haris R,2024-09-28 16:44:07,"Ada bug untuk pada device Samsung a35,a54 dst,,, ketika memakai filter kamera menjadi berkedip.... Mohon solusinya.... Bug dari Instagram atau dari OS Samsung nya kurang tahu"
Syafika Alaydrus,2024-09-28 16:44:00,VIDEO DI ARSIP BANYAK YANG BERUBAH JADI FOTO !! BALIKIN VIDEO2 YANG AKU UDAH SIMPEN DISITU ğŸ¥º BANYAK VIDEO KENANGAN ANAK2 MASIH KECIL JUGA ğŸ˜¤ğŸ˜­ KALO DAH BENER AKU UBAH RATING INI JADI BINTANG 5 !! APALAGI KALO SAMPE DI HAPUS FITUR ARSIP NYA !! PARAH BANGET !! PLEASE JANGAN DIHAPUS FITUR ARSIP !! AKU GAK SETUJU !!
Vivo Cahaya,2024-09-28 16:42:54,Assalamu'alaikum kak saya mohon kebalikan avatar kaya dlu yg sekarang avatarnya nya di edit aga beda bgian yg dulu avatar nya klo di editğŸ™ğŸ˜”
Agustinho Marques,2024-09-28 16:42:05,Bagus
Yaya Gmshh,2024-09-28 16:41:45,Suka bangett bagus bangett
Fox Sins,2024-09-28 16:35:04,"Apansih sekarang sering mengalami masalah apload sering stuck di 90% padahal jaringan saya lancar banget, gak kayak biasanya cepat, tolong perbaikiğŸ™"
ririka,2024-09-28 16:34:23,"Can't log-in, can't create new account, and lots of bugs lately. I really don't know what to do."
Akari Indonesia,2024-09-28 16:33:15,Semoga kita saling mensupport dan dapat berbagi untuk masyarakat umum
Saira Cinta,2024-09-28 16:33:06,Mantap betul
"Samuel P Harianja,SH",2024-09-28 16:29:25,"Saya sudah bertahun2 pake IG makin kesini makin gak jelas, vidio gak bisa full di upload jadi kepotong, dan gak bisa stanby suka mati sendiri klo liat vidio, lama2 saya unistal juga ini IG."
Elsan Elsanto,2024-09-28 16:24:53,Aplikasinya bagus banget
cantik dianroka,2024-09-28 16:24:02,perbanyak tema nya pls
oktaviani susanda,2024-09-28 16:23:55,please don't delete old archive it's very valuable for my life ğŸ¥²
Haikal Alpasha,2024-09-28 16:18:41,Jangan hapus fitur arsip di IG njirr itu penting banget SAT!!
Rinaldy Almiftah,2024-09-28 16:17:55,Nuhadena
Evita Wahyuni,2024-09-28 16:16:35,JANGAN HILANGKAN FITUR ARCHIVE!!! AWAS AJA
Saya Cantik,2024-09-28 16:15:31,ku kasih bintang 4dulu
Alvina Rovi Damayanti,2024-09-28 16:15:13,Saya yakin rating apk ini akan turun kalo sampai fitur Arsip di IG hilang. Tolong jangan dihilangkan fitur Arsipnya karena banyak sekali kenangan dan momen berharga disana yg tidak di post di Feed IG. Terimakasih
Yahyaa Taqqi,2024-09-28 16:13:56,Bug saat ingin mengganti sandi
Dahlia,2024-09-28 16:13:19,"Pliss buat CEO Instagram,jangan hapus arsip di instagram.soalnya di situ banyak moment2 sia2 juga masukin foto/video ke ArsipğŸ˜”ğŸ™ğŸ»"
nblto p,2024-09-28 16:12:53,WOY JANGAN HAPUS FITUR ARSIP STORY LAH
Arif Ashim,2024-09-28 16:11:58,"Woyyy di hp gw gabisa login, baru mau masuk malah keluar trus, hp direstart tetep aja gabisaa.... Mohon gimana caranya ya agar bisa login, terpaksa make Instagram lite-_"
mbntrckl,2024-09-28 16:09:21,Arsip story tahun 2022 kebawah banyak yg ngga keputer. Gwoblok ğŸ˜¡
Sabrina Setiabudhi,2024-09-28 16:08:02,"Pake acara ngapusin fitur arsip, ig gajelas bgt"
Khanza Rifka,2024-09-28 16:07:54,"ini udh di kasih bintang 5, tapi pls fitur arsip Jangan di ilangin ya, filter aja gapapa apus aja, asal fitur arsip masih ada, banyak kenangan di fitur arsip masalahnyaaaaaaaaaaa"
Zenxyn Y,2024-09-28 16:04:39,JANGAN HAPUS FITUR ARSIP WOYY
Agung Bae,2024-09-28 16:02:08,Sangat bagus
Edo Wati,2024-09-28 15:59:52,ig emng lagi ngelag kah?
MeyTer,2024-09-28 15:58:15,"Skarang IG apa2 gampang sensitif banget.. gak kayak IG dulu lagi sekarang. Komen dikit penghapusan , kalo spam baru 3x udah ke banned... Tolong lah kembalikan IG yang dulu lagi.. jangan apa2 dikit ke banned terus2an"
Pengguna Google,2024-09-28 15:56:57,ğŸ˜ğŸ‘ğŸ‘ğŸ‘ğŸ‘ğŸ‘ğŸ‘Œ
Syahrul Qamar,2024-09-28 15:56:44,Kok arsip cerita mau dihapus
Haris Wibowo,2024-09-28 15:56:19,ğŸ‘ğŸ‘
Cinta Laura,2024-09-28 15:49:13,"Tolong banget kepada pihak Instagram untuk FITUR ARSIP FOTO NYA MOHON JANGAN DIHILANGKAN SEKALI LAGI ""JANGAN DI HILANGKAN"""
fakhri muhammad zaidan,2024-09-28 15:45:04,kenapa sih selalu di persulit
Ali Rahayu,2024-09-28 15:44:43,Bagus
Cahyaa Cahyaaa,2024-09-28 15:44:20,Tidak bisa membuat akun baru!
Nadrul 2104,2024-09-28 15:43:26,Jos gandos
adha,2024-09-28 15:38:35,Halo saya punya instagram tapi saya nonaktifkan lebih dari 3 bulan itu akun saya bisa kembali lagi kah?
Ilyasa Ikhsan Muttaqin,2024-09-28 15:36:52,Aplikasinya sekarang suka ngelag
Jeri jezan,2024-09-28 15:36:33,Jangan hapus arsip woii lah
Hanafi Amri,2024-09-28 15:35:26,Keren
Sasa,2024-09-28 15:35:26,"Akun gabisa dibuka, email udah lupa login nomer ganti nyoba pake video gagal truss. Buat akun baru suruh bikin nama pengguna gabisa bisa gajelas bgt deh"
Nurmita Andriyani,2024-09-28 15:34:30,Bagus
Muhammad aprijal Pajar,2024-09-28 15:33:49,Luar biasa
Widya Wati,2024-09-28 15:31:47,kenapa ya setiap bulan sekarang di update terus.. jadi klo ga di update ga bisa liat story.. makin kurang nih tolong ya perbaiki lagi
Muhammad Jordhan,2024-09-28 15:28:48,"tolong diperbaiki bug tidak bisa reset kata sandi,hanyak loadingğŸ™"
Wahyu Din,2024-09-28 15:27:53,Semoga berhasil meraih impian lewat Instagram.. aamiin ğŸ¤²ğŸ™
Mas Jhon,2024-09-28 15:27:25,Work
Nadiatus Shalihah,2024-09-28 15:17:03,"jangan hilangkan fitur arsip plis, itu fitur paling berguna, hilangkan fitur apapun asal jangan arsip story"
Muhammad Ismail,2024-09-28 15:12:53,Tolong jangan hilangkan fitur arsip
Teguh Obama,2024-09-28 15:11:53,"Bagus banget,tapi jangan hapus fitur arsip storyğŸ™ğŸ™, please ğŸ¥º"
Zahra Ratifa,2024-09-28 15:11:19,Bagus
POUNYA FITRIII,2024-09-28 15:08:36,Ngga tau kenapa TB Â² akun Instagram ku bisa hilang dr aplikasi sama threads nya juga huft mana ngga bisa balik
Only Gibran,2024-09-28 15:07:44,Dimaksimalkan lagi ya instagram jangn suka error2
Ahmad jibraila,2024-09-28 15:05:37,gw komen dibatasin gila lu ya
Bakul mak brii,2024-09-28 15:04:01,ğŸ˜
Ervan Effendi,2024-09-28 15:03:22,I like this.
Alby Pradana,2024-09-28 15:02:50,saya suka sama ig tapi banyak but nya satu ga bisa buat akun tapi malah gabisa
Nita,2024-09-28 15:02:17,ğŸ‘ŠğŸ»ğŸ˜”sejauh ini msh bagus cmn tolong knp akun saya klo kirim video di SG suka load Mulu kek eror gk jelas
Winda Carisaputri,2024-09-28 15:01:55,ko aga jelek ya klo pos Poto
Desy Rahayu,2024-09-28 15:00:37,Saya kasih full bintang but please jangan hapus fitur arsip ğŸ˜­ğŸ™ğŸ»â¤ï¸
Vindy Aulia,2024-09-28 14:58:40,"apaan jir arsip vidio instagram sekarang jadi bug semua, ada beberapa foto yg auto d hapus juga."
Ahyar Arzaki,2024-09-28 14:57:15,Bagus
meli en,2024-09-28 14:57:13,bagus banget
Angelina Septiani,2024-09-28 14:56:26,sorry ya bintang 1 lagian ngapain si ngilangin fitur archive
A Hang,2024-09-28 14:55:10,Saya kasih bintang 5 tolong jangan hapus fitur archive/arsip...
Muhammad Habiburrahman Alfatih,2024-09-28 14:53:57,Alhamdulillah bisa tambah wawasan
Nurul Aini,2024-09-28 14:53:35,makin lama makin jadul Instagram. tlng ga usah hapus filtur archive nya yaa.
Farzana Aina,2024-09-28 14:53:23,"kasih bintang 1 krna fitur arsip mau diapus, pdhl itu kenangan bgt"
iKy,2024-09-28 14:52:43,"Tolong dong pihak yang berwajib, saya pengen bikin akun baru tidak bisağŸ˜”"
Wawan Abel,2024-09-28 14:49:57,apk nya bagus
Mario Sihombing,2024-09-28 14:45:50,Tolong dong Ig jangan ada pembatasan untuk melakukan hal tertentu masa follback orang gk bisa coba lagi mulu bikin emosi jadi fulluwers saya nurun Karena gk saya follback orang orang nya perbaiki dong ya
Mytha Elvori,2024-09-28 14:43:57,"Saya kesel karna ig saya selalu di update terus, minta ungah video dan email terus"
Nayla Nurfadilah,2024-09-28 14:43:43,BANG BALIKIN ARSIP SG PLS ğŸ˜­ğŸ˜­â¤
Sakinah Simamora,2024-09-28 14:42:50,Kelamaan
ayumy doyie,2024-09-28 14:40:36,"jangan hilangkan fitur arsip story sama postingan please, aku bikin akun second buat nyimpen kenangan disana banyak tau kenangan, menghilang kan fitue arsip sama aja menghilangkan kenangan sama orang orang spesial, apalagi kalau orang sudah meninggal."
Bang Jae,2024-09-28 14:39:17,Cari pengalaman
Figo Kolin,2024-09-28 14:34:53,Instagram saya tiba-tiba bug
Latifah Nur,2024-09-28 14:33:16,"Saya mohon ARSIP Instagram jangan fi hapus, melihat cerita dulu lebih menyenangkan"
Ivana Tyaseki,2024-09-28 14:31:01,JANGAN DIHAPUS FITUR ARSIP NYAA PLIS !!!!!
Ael Riyan Zamzami,2024-09-28 14:29:49,Keblokir pas komen bego
Mimin Dedik,2024-09-28 14:28:29,Bagus
Citra Ayu Lestari,2024-09-28 14:28:26,"Untuk pihak instagram terhormat tolong jangan hilangkan fitur arsipğŸ˜­ğŸ˜­, arsip berguna banget banyak kenanganya dan ga boleh hilang plisssğŸ˜­"
Sindi Violin,2024-09-28 14:28:18,Suka bageteh sama ig ğŸ˜­ğŸ˜­
Anjali,2024-09-28 14:25:47,Aplikasi ini sangat bagus ğŸ‘
HIDAYAT FAUZAN,2024-09-28 14:24:50,"Ga bisa login, pw udah bener di web bisa di hp lain bisa, cuman di hp ini tulisannya sandi salah terus."
Meyla Wahyu,2024-09-28 14:24:23,"Apaansih ig?arsip malah pada ilang gajelas,vidio lama gabisa diputar,gunanya apa dikasih arsip kalo ujungnya dihapus???tolong dibenerinn"
Evita Kamelia,2024-09-28 14:24:13,Sangat membantu dalam berinteraksi dengan pengguna sosmed lainnya
Izi Fahrizy,2024-09-28 14:23:24,jangan sering eror
Jannah,2024-09-28 14:20:14,Sudah di upgrade tapi instagram saya gak update2
Alan Budi Kusuma,2024-09-28 14:19:13,"Saya memposting sesuatu di Instagram supaya bisa mengenang momen"" nya. Makannya tolong batalkan tentang penghapusan arsip di Instagram. Karna itu akan membuat banyak orang yang kecewa, dan mungkin tidak ingin lagi mengunggah apa"" di Instagram"
Jimmy Prasetya,2024-09-28 14:18:10,jangan hapus fitur arsip
Ramdani,2024-09-28 14:17:07,padahal tidak melanggar apaÂ² tapi akun tiba-tiba di tangguhkan
felix defretes,2024-09-28 14:16:16,TOP
Heriyati Heriyati,2024-09-28 14:16:14,Menarik
Anis Azzaki,2024-09-28 14:15:37,Like aja
Effendi Maliawan,2024-09-28 14:12:46,Sangat mendukung infomasi
Eka Dewi Inanta,2024-09-28 14:11:30,"Please ig tolong fitus arsip jangan dihilangin gpp berbayar tapi jangan di hilangi banya bgt vidio anak gw ig ğŸ˜­ğŸ˜­ğŸ˜­ blum smua kesimpen knp jdi foto smua skrng vidio2nya,, astag ig please balikin smula fitur arsipnyağŸ˜­ğŸ˜­ğŸ˜­ğŸ™ğŸ™ğŸ™ğŸ™ tolong"
DmZZ,2024-09-28 14:10:16,"Tolong jangan hapuskan fitur apapun, jika anda membantah dan tidak peduli percakapan ku, Pengguna Instagram akan sangat sepi!!"
Zainab Luthfunnisa,2024-09-28 14:07:21,This application is quite good but please don't delete the archive feature because with this feature we can see our past memories and they will never happen again.ğŸ™
arsyila romeesa farzana,2024-09-28 14:04:35,keren
Asramaarrifai 28,2024-09-28 14:03:03,soalnya arsip di hps
Nvt,2024-09-28 14:02:12,WEH META. AKUN SAYA KAGA SALAH APAPUN DIBUAT AJUKAN BANDING TERUS. KONTEN KEKERASAN DI KURANGIN !!! PUSING KEPALA LIAT BERITA SPAM GAK PENTING !!! MAU KOMEN SELALU KENA TAKEDOWN BERKALI KALI !!!
Wahyu Rizqi Anggraini,2024-09-28 14:00:59,"FITUR MUSIK DI PROFIL ILANG, GA BISA DITAMBAHIN/DIHAPUS LAGUNYA, PADAHAL DI AKUN LAIN BISA, DARIPADA APUS FITUR ARSIP, MENDING BENERIN BUG NYA"
Riza Muklisa,2024-09-28 13:58:31,mendukung sekali kalau kita yang berjualan bisa live.
Syahila Zahra,2024-09-28 13:58:15,"Kembalikan fitur arsip yang dulu, kembalikan video video kami"
R Yudi Mahatmanto,2024-09-28 13:55:04,Ok bingit
Delia Putri,2024-09-28 13:51:59,"JANGAN HAPUS FITUR ARSIPP , please fitur itu sangat amat berguna menjadi arsip kenang kenangan:(("
Novri Syah.,2024-09-28 13:41:40,Cuk UpğŸ‘Œ
prasetyo aji,2024-09-28 13:37:06,Sangat buruk Makin banyak iklan pinjaman online&judi online Bikin males buka instagram
Galesong 16,2024-09-28 13:36:16,postingan saya tidak pernah fyp ğŸ˜”
Kunto Ardianto,2024-09-28 13:35:46,Setiap membuat reel ga selancar dulu
Sucipto,2024-09-28 13:34:14,Aplikasi ini sangat bagus
Gbt,2024-09-28 13:30:24,Aplikasi ini Sangat Cocok Aku
Aris Revaneza,2024-09-28 13:30:02,Keren
Ade Hernandez,2024-09-28 13:24:50,Apk sangat bagus
Ahlal Bidawan,2024-09-28 13:24:25,Bagus
Farid Aku,2024-09-28 13:22:31,Oke
Hasna hasna,2024-09-28 13:21:24,Oke bagusss
nofa dhila,2024-09-28 13:21:19,Pleaseee jgn hilangin arsip di instagram ğŸ˜­ğŸ˜­ğŸ˜­
Kartika Dewi,2024-09-28 13:20:30,Sangat bagus ğŸ‘esthetik
Ana Karunia,2024-09-28 13:19:53,Hiburan sekaligus dpt banyak ilmu dan pengalaman melalui aplikasi ini. Lanjutkan ke tingkat lbh baik lg
Ida Ratna05,2024-09-28 13:19:47,baik bgt
ridha adelia,2024-09-28 13:17:02,masa arsip story lama pada freeze siii?!!! mana banyak juga yg kehapus. kan mau liat kenangannyaa oiğŸ˜­
Afika Rahayu putri,2024-09-28 13:16:01,kenapa instagram ku masih fitur lama
sulis thv,2024-09-28 13:15:36,"plss yang benerr ajaa fitur arsip mah dihapus?, jgnn dong plss T~T"
Alfia Firdayanti,2024-09-28 13:13:32,Seru bangettt
Nurul Styaarianti,2024-09-28 13:12:46,KALO SAMPAI BENER FITUR ARSIP DI HAPUS MOHON MAAFğŸ™BINTANG 1
Saleh Sulianto,2024-09-28 13:10:43,Sangat membantu
Najiyah Frds,2024-09-28 13:06:02,fitur arsip serius nih dihilangin?
